USE [master]
GO
/****** Object:  Database [OrdraDB]    Script Date: 2020/09/07 17:03:34 ******/
CREATE DATABASE [OrdraDB]
GO
ALTER DATABASE [OrdraDB] SET COMPATIBILITY_LEVEL = 150
GO
IF (1 = FULLTEXTSERVICEPROPERTY('IsFullTextInstalled'))
begin
EXEC [OrdraDB].[dbo].[sp_fulltext_database] @action = 'enable'
end
GO
ALTER DATABASE [OrdraDB] SET ANSI_NULL_DEFAULT OFF 
GO
ALTER DATABASE [OrdraDB] SET ANSI_NULLS OFF 
GO
ALTER DATABASE [OrdraDB] SET ANSI_PADDING OFF 
GO
ALTER DATABASE [OrdraDB] SET ANSI_WARNINGS OFF 
GO
ALTER DATABASE [OrdraDB] SET ARITHABORT OFF 
GO
ALTER DATABASE [OrdraDB] SET AUTO_CLOSE OFF 
GO
ALTER DATABASE [OrdraDB] SET AUTO_SHRINK OFF 
GO
ALTER DATABASE [OrdraDB] SET AUTO_UPDATE_STATISTICS ON 
GO
ALTER DATABASE [OrdraDB] SET CURSOR_CLOSE_ON_COMMIT OFF 
GO
ALTER DATABASE [OrdraDB] SET CURSOR_DEFAULT  GLOBAL 
GO
ALTER DATABASE [OrdraDB] SET CONCAT_NULL_YIELDS_NULL OFF 
GO
ALTER DATABASE [OrdraDB] SET NUMERIC_ROUNDABORT OFF 
GO
ALTER DATABASE [OrdraDB] SET QUOTED_IDENTIFIER OFF 
GO
ALTER DATABASE [OrdraDB] SET RECURSIVE_TRIGGERS OFF 
GO
ALTER DATABASE [OrdraDB] SET  ENABLE_BROKER 
GO
ALTER DATABASE [OrdraDB] SET AUTO_UPDATE_STATISTICS_ASYNC OFF 
GO
ALTER DATABASE [OrdraDB] SET DATE_CORRELATION_OPTIMIZATION OFF 
GO
ALTER DATABASE [OrdraDB] SET TRUSTWORTHY OFF 
GO
ALTER DATABASE [OrdraDB] SET ALLOW_SNAPSHOT_ISOLATION OFF 
GO
ALTER DATABASE [OrdraDB] SET PARAMETERIZATION SIMPLE 
GO
ALTER DATABASE [OrdraDB] SET READ_COMMITTED_SNAPSHOT OFF 
GO
ALTER DATABASE [OrdraDB] SET HONOR_BROKER_PRIORITY OFF 
GO
ALTER DATABASE [OrdraDB] SET RECOVERY FULL 
GO
ALTER DATABASE [OrdraDB] SET  MULTI_USER 
GO
ALTER DATABASE [OrdraDB] SET PAGE_VERIFY CHECKSUM  
GO
ALTER DATABASE [OrdraDB] SET DB_CHAINING OFF 
GO
ALTER DATABASE [OrdraDB] SET FILESTREAM( NON_TRANSACTED_ACCESS = OFF ) 
GO
ALTER DATABASE [OrdraDB] SET TARGET_RECOVERY_TIME = 60 SECONDS 
GO
ALTER DATABASE [OrdraDB] SET DELAYED_DURABILITY = DISABLED 
GO
EXEC sys.sp_db_vardecimal_storage_format N'OrdraDB', N'ON'
GO
ALTER DATABASE [OrdraDB] SET QUERY_STORE = OFF
GO
USE [OrdraDB]
GO
/****** Object:  Table [dbo].[__MigrationHistory]    Script Date: 2020/09/07 17:03:34 ******/
SET ANSI_NULLS ON
GO
SET QUOTED_IDENTIFIER ON
GO
CREATE TABLE [dbo].[__MigrationHistory](
	[MigrationId] [nvarchar](150) NOT NULL,
	[ContextKey] [nvarchar](300) NOT NULL,
	[Model] [varbinary](max) NOT NULL,
	[ProductVersion] [nvarchar](32) NOT NULL,
 CONSTRAINT [PK_dbo.__MigrationHistory] PRIMARY KEY CLUSTERED 
(
	[MigrationId] ASC,
	[ContextKey] ASC
)WITH (PAD_INDEX = OFF, STATISTICS_NORECOMPUTE = OFF, IGNORE_DUP_KEY = OFF, ALLOW_ROW_LOCKS = ON, ALLOW_PAGE_LOCKS = ON, OPTIMIZE_FOR_SEQUENTIAL_KEY = OFF) ON [PRIMARY]
) ON [PRIMARY] TEXTIMAGE_ON [PRIMARY]
GO
/****** Object:  Table [dbo].[AppEmployee]    Script Date: 2020/09/07 17:03:34 ******/
SET ANSI_NULLS ON
GO
SET QUOTED_IDENTIFIER ON
GO
CREATE TABLE [dbo].[AppEmployee](
	[EmployeeID] [int] IDENTITY(1,1) NOT NULL,
	[EmpName] [varchar](75) NULL,
	[EmpSurname] [varchar](75) NULL,
	[EmpCellNo] [varchar](75) NULL,
	[EmpEmail] [varchar](75) NULL,
	[EmpStartDate] [date] NULL,
	[EmpShiftsCompleted] [int] NULL,
PRIMARY KEY CLUSTERED 
(
	[EmployeeID] ASC
)WITH (PAD_INDEX = OFF, STATISTICS_NORECOMPUTE = OFF, IGNORE_DUP_KEY = OFF, ALLOW_ROW_LOCKS = ON, ALLOW_PAGE_LOCKS = ON, OPTIMIZE_FOR_SEQUENTIAL_KEY = OFF) ON [PRIMARY]
) ON [PRIMARY]
GO
/****** Object:  Table [dbo].[AppRole]    Script Date: 2020/09/07 17:03:34 ******/
SET ANSI_NULLS ON
GO
SET QUOTED_IDENTIFIER ON
GO
CREATE TABLE [dbo].[AppRole](
	[Id] [nvarchar](128) NOT NULL,
	[Name] [nvarchar](256) NOT NULL,
 CONSTRAINT [PK_dbo.AppRole] PRIMARY KEY CLUSTERED 
(
	[Id] ASC
)WITH (PAD_INDEX = OFF, STATISTICS_NORECOMPUTE = OFF, IGNORE_DUP_KEY = OFF, ALLOW_ROW_LOCKS = ON, ALLOW_PAGE_LOCKS = ON, OPTIMIZE_FOR_SEQUENTIAL_KEY = OFF) ON [PRIMARY]
) ON [PRIMARY]
GO
/****** Object:  Table [dbo].[AppUser]    Script Date: 2020/09/07 17:03:34 ******/
SET ANSI_NULLS ON
GO
SET QUOTED_IDENTIFIER ON
GO
CREATE TABLE [dbo].[AppUser](
	[Id] [nvarchar](128) NOT NULL,
	[FirstName] [nvarchar](max) NULL,
	[LastName] [nvarchar](max) NULL,
	[Email] [nvarchar](256) NULL,
	[EmailConfirmed] [bit] NOT NULL,
	[PasswordHash] [nvarchar](max) NULL,
	[SecurityStamp] [nvarchar](max) NULL,
	[PhoneNumber] [nvarchar](max) NULL,
	[PhoneNumberConfirmed] [bit] NOT NULL,
	[TwoFactorEnabled] [bit] NOT NULL,
	[LockoutEndDateUtc] [datetime] NULL,
	[LockoutEnabled] [bit] NOT NULL,
	[AccessFailedCount] [int] NOT NULL,
	[UserName] [nvarchar](256) NOT NULL,
 CONSTRAINT [PK_dbo.AppUser] PRIMARY KEY CLUSTERED 
(
	[Id] ASC
)WITH (PAD_INDEX = OFF, STATISTICS_NORECOMPUTE = OFF, IGNORE_DUP_KEY = OFF, ALLOW_ROW_LOCKS = ON, ALLOW_PAGE_LOCKS = ON, OPTIMIZE_FOR_SEQUENTIAL_KEY = OFF) ON [PRIMARY]
) ON [PRIMARY] TEXTIMAGE_ON [PRIMARY]
GO
/****** Object:  Table [dbo].[AppUserClaim]    Script Date: 2020/09/07 17:03:34 ******/
SET ANSI_NULLS ON
GO
SET QUOTED_IDENTIFIER ON
GO
CREATE TABLE [dbo].[AppUserClaim](
	[Id] [int] IDENTITY(1,1) NOT NULL,
	[UserId] [nvarchar](128) NOT NULL,
	[ClaimType] [nvarchar](max) NULL,
	[ClaimValue] [nvarchar](max) NULL,
 CONSTRAINT [PK_dbo.AppUserClaim] PRIMARY KEY CLUSTERED 
(
	[Id] ASC
)WITH (PAD_INDEX = OFF, STATISTICS_NORECOMPUTE = OFF, IGNORE_DUP_KEY = OFF, ALLOW_ROW_LOCKS = ON, ALLOW_PAGE_LOCKS = ON, OPTIMIZE_FOR_SEQUENTIAL_KEY = OFF) ON [PRIMARY]
) ON [PRIMARY] TEXTIMAGE_ON [PRIMARY]
GO
/****** Object:  Table [dbo].[AppUserLogin]    Script Date: 2020/09/07 17:03:34 ******/
SET ANSI_NULLS ON
GO
SET QUOTED_IDENTIFIER ON
GO
CREATE TABLE [dbo].[AppUserLogin](
	[LoginProvider] [nvarchar](128) NOT NULL,
	[ProviderKey] [nvarchar](128) NOT NULL,
	[UserId] [nvarchar](128) NOT NULL,
 CONSTRAINT [PK_dbo.AppUserLogin] PRIMARY KEY CLUSTERED 
(
	[LoginProvider] ASC,
	[ProviderKey] ASC,
	[UserId] ASC
)WITH (PAD_INDEX = OFF, STATISTICS_NORECOMPUTE = OFF, IGNORE_DUP_KEY = OFF, ALLOW_ROW_LOCKS = ON, ALLOW_PAGE_LOCKS = ON, OPTIMIZE_FOR_SEQUENTIAL_KEY = OFF) ON [PRIMARY]
) ON [PRIMARY]
GO
/****** Object:  Table [dbo].[AppUserRole]    Script Date: 2020/09/07 17:03:34 ******/
SET ANSI_NULLS ON
GO
SET QUOTED_IDENTIFIER ON
GO
CREATE TABLE [dbo].[AppUserRole](
	[UserId] [nvarchar](128) NOT NULL,
	[RoleId] [nvarchar](128) NOT NULL,
 CONSTRAINT [PK_dbo.AppUserRole] PRIMARY KEY CLUSTERED 
(
	[UserId] ASC,
	[RoleId] ASC
)WITH (PAD_INDEX = OFF, STATISTICS_NORECOMPUTE = OFF, IGNORE_DUP_KEY = OFF, ALLOW_ROW_LOCKS = ON, ALLOW_PAGE_LOCKS = ON, OPTIMIZE_FOR_SEQUENTIAL_KEY = OFF) ON [PRIMARY]
) ON [PRIMARY]
GO
/****** Object:  Table [dbo].[Area]    Script Date: 2020/09/07 17:03:34 ******/
SET ANSI_NULLS ON
GO
SET QUOTED_IDENTIFIER ON
GO
CREATE TABLE [dbo].[Area](
	[AreaID] [int] IDENTITY(1,1) NOT NULL,
	[AreaStatusID] [int] NULL,
	[ProvinceID] [int] NULL,
	[ArName] [varchar](25) NULL,
	[ArPostalCode] [varchar](4) NULL,
PRIMARY KEY CLUSTERED 
(
	[AreaID] ASC
)WITH (PAD_INDEX = OFF, STATISTICS_NORECOMPUTE = OFF, IGNORE_DUP_KEY = OFF, ALLOW_ROW_LOCKS = ON, ALLOW_PAGE_LOCKS = ON, OPTIMIZE_FOR_SEQUENTIAL_KEY = OFF) ON [PRIMARY]
) ON [PRIMARY]
GO
/****** Object:  Table [dbo].[Area_Status]    Script Date: 2020/09/07 17:03:34 ******/
SET ANSI_NULLS ON
GO
SET QUOTED_IDENTIFIER ON
GO
CREATE TABLE [dbo].[Area_Status](
	[AreaStatusID] [int] IDENTITY(1,1) NOT NULL,
	[ASDescription] [varchar](255) NULL,
PRIMARY KEY CLUSTERED 
(
	[AreaStatusID] ASC
)WITH (PAD_INDEX = OFF, STATISTICS_NORECOMPUTE = OFF, IGNORE_DUP_KEY = OFF, ALLOW_ROW_LOCKS = ON, ALLOW_PAGE_LOCKS = ON, OPTIMIZE_FOR_SEQUENTIAL_KEY = OFF) ON [PRIMARY]
) ON [PRIMARY]
GO
/****** Object:  Table [dbo].[Container]    Script Date: 2020/09/07 17:03:34 ******/
SET ANSI_NULLS ON
GO
SET QUOTED_IDENTIFIER ON
GO
CREATE TABLE [dbo].[Container](
	[ContainerID] [int] IDENTITY(1,1) NOT NULL,
	[ConName] [varchar](25) NULL,
	[ConDescription] [varchar](255) NULL,
PRIMARY KEY CLUSTERED 
(
	[ContainerID] ASC
)WITH (PAD_INDEX = OFF, STATISTICS_NORECOMPUTE = OFF, IGNORE_DUP_KEY = OFF, ALLOW_ROW_LOCKS = ON, ALLOW_PAGE_LOCKS = ON, OPTIMIZE_FOR_SEQUENTIAL_KEY = OFF) ON [PRIMARY]
) ON [PRIMARY]
GO
/****** Object:  Table [dbo].[Container_Product]    Script Date: 2020/09/07 17:03:34 ******/
SET ANSI_NULLS ON
GO
SET QUOTED_IDENTIFIER ON
GO
CREATE TABLE [dbo].[Container_Product](
	[ContainerID] [int] NOT NULL,
	[ProductID] [int] NOT NULL,
	[CPQuantity] [int] NULL,
PRIMARY KEY CLUSTERED 
(
	[ContainerID] ASC,
	[ProductID] ASC
)WITH (PAD_INDEX = OFF, STATISTICS_NORECOMPUTE = OFF, IGNORE_DUP_KEY = OFF, ALLOW_ROW_LOCKS = ON, ALLOW_PAGE_LOCKS = ON, OPTIMIZE_FOR_SEQUENTIAL_KEY = OFF) ON [PRIMARY]
) ON [PRIMARY]
GO
/****** Object:  Table [dbo].[Creditor]    Script Date: 2020/09/07 17:03:34 ******/
SET ANSI_NULLS ON
GO
SET QUOTED_IDENTIFIER ON
GO
CREATE TABLE [dbo].[Creditor](
	[CreditorID] [int] IDENTITY(1,1) NOT NULL,
	[SupplierID] [int] NULL,
	[CredAccountBalance] [real] NULL,
PRIMARY KEY CLUSTERED 
(
	[CreditorID] ASC
)WITH (PAD_INDEX = OFF, STATISTICS_NORECOMPUTE = OFF, IGNORE_DUP_KEY = OFF, ALLOW_ROW_LOCKS = ON, ALLOW_PAGE_LOCKS = ON, OPTIMIZE_FOR_SEQUENTIAL_KEY = OFF) ON [PRIMARY]
) ON [PRIMARY]
GO
/****** Object:  Table [dbo].[Creditor_Payment]    Script Date: 2020/09/07 17:03:34 ******/
SET ANSI_NULLS ON
GO
SET QUOTED_IDENTIFIER ON
GO
CREATE TABLE [dbo].[Creditor_Payment](
	[PaymentID] [int] IDENTITY(1,1) NOT NULL,
	[CreditorID] [int] NULL,
	[CredPaymentDate] [date] NULL,
	[CredPaymentAmount] [real] NULL,
PRIMARY KEY CLUSTERED 
(
	[PaymentID] ASC
)WITH (PAD_INDEX = OFF, STATISTICS_NORECOMPUTE = OFF, IGNORE_DUP_KEY = OFF, ALLOW_ROW_LOCKS = ON, ALLOW_PAGE_LOCKS = ON, OPTIMIZE_FOR_SEQUENTIAL_KEY = OFF) ON [PRIMARY]
) ON [PRIMARY]
GO
/****** Object:  Table [dbo].[Customer]    Script Date: 2020/09/07 17:03:34 ******/
SET ANSI_NULLS ON
GO
SET QUOTED_IDENTIFIER ON
GO
CREATE TABLE [dbo].[Customer](
	[CustomerID] [int] IDENTITY(1,1) NOT NULL,
	[CusName] [varchar](25) NULL,
	[CusSurname] [varchar](35) NULL,
	[CusCell] [varchar](10) NULL,
	[CusEmail] [varchar](75) NULL,
	[CusStreetNr] [varchar](10) NULL,
	[CusStreet] [varchar](35) NULL,
	[CusCode] [varchar](4) NULL,
	[CusSuburb] [varchar](35) NULL,
PRIMARY KEY CLUSTERED 
(
	[CustomerID] ASC
)WITH (PAD_INDEX = OFF, STATISTICS_NORECOMPUTE = OFF, IGNORE_DUP_KEY = OFF, ALLOW_ROW_LOCKS = ON, ALLOW_PAGE_LOCKS = ON, OPTIMIZE_FOR_SEQUENTIAL_KEY = OFF) ON [PRIMARY]
) ON [PRIMARY]
GO
/****** Object:  Table [dbo].[Customer_Order]    Script Date: 2020/09/07 17:03:34 ******/
SET ANSI_NULLS ON
GO
SET QUOTED_IDENTIFIER ON
GO
CREATE TABLE [dbo].[Customer_Order](
	[CustomerOrderID] [int] IDENTITY(1,1) NOT NULL,
	[CustomerID] [int] NULL,
	[UserID] [int] NULL,
	[CustomerOrderStatusID] [int] NULL,
	[CusOrdNumber] [varchar](5) NULL,
	[CusOrdDate] [date] NULL,
PRIMARY KEY CLUSTERED 
(
	[CustomerOrderID] ASC
)WITH (PAD_INDEX = OFF, STATISTICS_NORECOMPUTE = OFF, IGNORE_DUP_KEY = OFF, ALLOW_ROW_LOCKS = ON, ALLOW_PAGE_LOCKS = ON, OPTIMIZE_FOR_SEQUENTIAL_KEY = OFF) ON [PRIMARY]
) ON [PRIMARY]
GO
/****** Object:  Table [dbo].[Customer_Order_Status]    Script Date: 2020/09/07 17:03:34 ******/
SET ANSI_NULLS ON
GO
SET QUOTED_IDENTIFIER ON
GO
CREATE TABLE [dbo].[Customer_Order_Status](
	[CustomerOrderStatusID] [int] IDENTITY(1,1) NOT NULL,
	[CODescription] [varchar](255) NULL,
PRIMARY KEY CLUSTERED 
(
	[CustomerOrderStatusID] ASC
)WITH (PAD_INDEX = OFF, STATISTICS_NORECOMPUTE = OFF, IGNORE_DUP_KEY = OFF, ALLOW_ROW_LOCKS = ON, ALLOW_PAGE_LOCKS = ON, OPTIMIZE_FOR_SEQUENTIAL_KEY = OFF) ON [PRIMARY]
) ON [PRIMARY]
GO
/****** Object:  Table [dbo].[Donated_Product]    Script Date: 2020/09/07 17:03:34 ******/
SET ANSI_NULLS ON
GO
SET QUOTED_IDENTIFIER ON
GO
CREATE TABLE [dbo].[Donated_Product](
	[ProductID] [int] NOT NULL,
	[DonationID] [int] NOT NULL,
	[DPQuantity] [int] NULL,
PRIMARY KEY CLUSTERED 
(
	[ProductID] ASC,
	[DonationID] ASC
)WITH (PAD_INDEX = OFF, STATISTICS_NORECOMPUTE = OFF, IGNORE_DUP_KEY = OFF, ALLOW_ROW_LOCKS = ON, ALLOW_PAGE_LOCKS = ON, OPTIMIZE_FOR_SEQUENTIAL_KEY = OFF) ON [PRIMARY]
) ON [PRIMARY]
GO
/****** Object:  Table [dbo].[Donation]    Script Date: 2020/09/07 17:03:34 ******/
SET ANSI_NULLS ON
GO
SET QUOTED_IDENTIFIER ON
GO
CREATE TABLE [dbo].[Donation](
	[DonationID] [int] IDENTITY(1,1) NOT NULL,
	[DonationStatusID] [int] NULL,
	[RecipientID] [int] NULL,
	[DonAmount] [real] NULL,
	[DonDate] [date] NULL,
	[DonDescription] [varchar](255) NULL,
PRIMARY KEY CLUSTERED 
(
	[DonationID] ASC
)WITH (PAD_INDEX = OFF, STATISTICS_NORECOMPUTE = OFF, IGNORE_DUP_KEY = OFF, ALLOW_ROW_LOCKS = ON, ALLOW_PAGE_LOCKS = ON, OPTIMIZE_FOR_SEQUENTIAL_KEY = OFF) ON [PRIMARY]
) ON [PRIMARY]
GO
/****** Object:  Table [dbo].[Donation_Recipient]    Script Date: 2020/09/07 17:03:34 ******/
SET ANSI_NULLS ON
GO
SET QUOTED_IDENTIFIER ON
GO
CREATE TABLE [dbo].[Donation_Recipient](
	[RecipientID] [int] IDENTITY(1,1) NOT NULL,
	[DrName] [varchar](25) NULL,
	[DrSurname] [varchar](35) NULL,
	[DrCell] [varchar](10) NULL,
	[DrEmail] [varchar](75) NULL,
	[DrStreetNr] [varchar](10) NULL,
	[DrStreet] [varchar](35) NULL,
	[DrArea] [varchar](35) NULL,
	[DrCode] [varchar](4) NULL,
PRIMARY KEY CLUSTERED 
(
	[RecipientID] ASC
)WITH (PAD_INDEX = OFF, STATISTICS_NORECOMPUTE = OFF, IGNORE_DUP_KEY = OFF, ALLOW_ROW_LOCKS = ON, ALLOW_PAGE_LOCKS = ON, OPTIMIZE_FOR_SEQUENTIAL_KEY = OFF) ON [PRIMARY]
) ON [PRIMARY]
GO
/****** Object:  Table [dbo].[Donation_Status]    Script Date: 2020/09/07 17:03:34 ******/
SET ANSI_NULLS ON
GO
SET QUOTED_IDENTIFIER ON
GO
CREATE TABLE [dbo].[Donation_Status](
	[DonationStatusID] [int] IDENTITY(1,1) NOT NULL,
	[DSDescription] [varchar](255) NULL,
PRIMARY KEY CLUSTERED 
(
	[DonationStatusID] ASC
)WITH (PAD_INDEX = OFF, STATISTICS_NORECOMPUTE = OFF, IGNORE_DUP_KEY = OFF, ALLOW_ROW_LOCKS = ON, ALLOW_PAGE_LOCKS = ON, OPTIMIZE_FOR_SEQUENTIAL_KEY = OFF) ON [PRIMARY]
) ON [PRIMARY]
GO
/****** Object:  Table [dbo].[Employee]    Script Date: 2020/09/07 17:03:34 ******/
SET ANSI_NULLS ON
GO
SET QUOTED_IDENTIFIER ON
GO
CREATE TABLE [dbo].[Employee](
	[EmployeeID] [int] IDENTITY(1,1) NOT NULL,
	[UserID] [int] NULL,
	[EmpStartDate] [date] NULL,
	[EmpShiftsCompleted] [int] NULL,
PRIMARY KEY CLUSTERED 
(
	[EmployeeID] ASC
)WITH (PAD_INDEX = OFF, STATISTICS_NORECOMPUTE = OFF, IGNORE_DUP_KEY = OFF, ALLOW_ROW_LOCKS = ON, ALLOW_PAGE_LOCKS = ON, OPTIMIZE_FOR_SEQUENTIAL_KEY = OFF) ON [PRIMARY]
) ON [PRIMARY]
GO
/****** Object:  Table [dbo].[Location]    Script Date: 2020/09/07 17:03:34 ******/
SET ANSI_NULLS ON
GO
SET QUOTED_IDENTIFIER ON
GO
CREATE TABLE [dbo].[Location](
	[LocationID] [int] IDENTITY(1,1) NOT NULL,
	[ContainerID] [int] NULL,
	[LocationStatusID] [int] NULL,
	[AreaID] [int] NULL,
	[LocName] [varchar](25) NULL,
PRIMARY KEY CLUSTERED 
(
	[LocationID] ASC
)WITH (PAD_INDEX = OFF, STATISTICS_NORECOMPUTE = OFF, IGNORE_DUP_KEY = OFF, ALLOW_ROW_LOCKS = ON, ALLOW_PAGE_LOCKS = ON, OPTIMIZE_FOR_SEQUENTIAL_KEY = OFF) ON [PRIMARY]
) ON [PRIMARY]
GO
/****** Object:  Table [dbo].[Location_Status]    Script Date: 2020/09/07 17:03:34 ******/
SET ANSI_NULLS ON
GO
SET QUOTED_IDENTIFIER ON
GO
CREATE TABLE [dbo].[Location_Status](
	[LocationStatusID] [int] IDENTITY(1,1) NOT NULL,
	[LSDescription] [varchar](255) NULL,
PRIMARY KEY CLUSTERED 
(
	[LocationStatusID] ASC
)WITH (PAD_INDEX = OFF, STATISTICS_NORECOMPUTE = OFF, IGNORE_DUP_KEY = OFF, ALLOW_ROW_LOCKS = ON, ALLOW_PAGE_LOCKS = ON, OPTIMIZE_FOR_SEQUENTIAL_KEY = OFF) ON [PRIMARY]
) ON [PRIMARY]
GO
/****** Object:  Table [dbo].[Login]    Script Date: 2020/09/07 17:03:34 ******/
SET ANSI_NULLS ON
GO
SET QUOTED_IDENTIFIER ON
GO
CREATE TABLE [dbo].[Login](
	[LoginID] [int] IDENTITY(1,1) NOT NULL,
	[UserID] [int] NULL,
	[LoginTime] [time](7) NULL,
	[LoginDate] [date] NULL,
PRIMARY KEY CLUSTERED 
(
	[LoginID] ASC
)WITH (PAD_INDEX = OFF, STATISTICS_NORECOMPUTE = OFF, IGNORE_DUP_KEY = OFF, ALLOW_ROW_LOCKS = ON, ALLOW_PAGE_LOCKS = ON, OPTIMIZE_FOR_SEQUENTIAL_KEY = OFF) ON [PRIMARY]
) ON [PRIMARY]
GO
/****** Object:  Table [dbo].[Logout]    Script Date: 2020/09/07 17:03:34 ******/
SET ANSI_NULLS ON
GO
SET QUOTED_IDENTIFIER ON
GO
CREATE TABLE [dbo].[Logout](
	[LogoutID] [int] IDENTITY(1,1) NOT NULL,
	[UserID] [int] NULL,
	[LogoutTime] [time](7) NULL,
	[LogoutDate] [date] NULL,
PRIMARY KEY CLUSTERED 
(
	[LogoutID] ASC
)WITH (PAD_INDEX = OFF, STATISTICS_NORECOMPUTE = OFF, IGNORE_DUP_KEY = OFF, ALLOW_ROW_LOCKS = ON, ALLOW_PAGE_LOCKS = ON, OPTIMIZE_FOR_SEQUENTIAL_KEY = OFF) ON [PRIMARY]
) ON [PRIMARY]
GO
/****** Object:  Table [dbo].[Manager]    Script Date: 2020/09/07 17:03:34 ******/
SET ANSI_NULLS ON
GO
SET QUOTED_IDENTIFIER ON
GO
CREATE TABLE [dbo].[Manager](
	[ManagerID] [int] IDENTITY(1,1) NOT NULL,
	[UserID] [int] NULL,
	[ManQualification] [varchar](100) NULL,
	[ManNationality] [varchar](35) NULL,
	[ManIDNumber] [varchar](13) NULL,
	[ManNextOfKeenFName] [varchar](50) NULL,
	[ManNextOfKeenCell] [varchar](10) NULL,
PRIMARY KEY CLUSTERED 
(
	[ManagerID] ASC
)WITH (PAD_INDEX = OFF, STATISTICS_NORECOMPUTE = OFF, IGNORE_DUP_KEY = OFF, ALLOW_ROW_LOCKS = ON, ALLOW_PAGE_LOCKS = ON, OPTIMIZE_FOR_SEQUENTIAL_KEY = OFF) ON [PRIMARY]
) ON [PRIMARY]
GO
/****** Object:  Table [dbo].[Manager_Container]    Script Date: 2020/09/07 17:03:34 ******/
SET ANSI_NULLS ON
GO
SET QUOTED_IDENTIFIER ON
GO
CREATE TABLE [dbo].[Manager_Container](
	[ManagerID] [int] NOT NULL,
	[ContainerID] [int] NOT NULL,
PRIMARY KEY CLUSTERED 
(
	[ManagerID] ASC,
	[ContainerID] ASC
)WITH (PAD_INDEX = OFF, STATISTICS_NORECOMPUTE = OFF, IGNORE_DUP_KEY = OFF, ALLOW_ROW_LOCKS = ON, ALLOW_PAGE_LOCKS = ON, OPTIMIZE_FOR_SEQUENTIAL_KEY = OFF) ON [PRIMARY]
) ON [PRIMARY]
GO
/****** Object:  Table [dbo].[Marked_Off]    Script Date: 2020/09/07 17:03:34 ******/
SET ANSI_NULLS ON
GO
SET QUOTED_IDENTIFIER ON
GO
CREATE TABLE [dbo].[Marked_Off](
	[MarkedOffID] [int] IDENTITY(1,1) NOT NULL,
	[ProductID] [int] NULL,
	[ReasonID] [int] NULL,
	[MoQuantity] [int] NULL,
	[MoDate] [date] NULL,
PRIMARY KEY CLUSTERED 
(
	[MarkedOffID] ASC
)WITH (PAD_INDEX = OFF, STATISTICS_NORECOMPUTE = OFF, IGNORE_DUP_KEY = OFF, ALLOW_ROW_LOCKS = ON, ALLOW_PAGE_LOCKS = ON, OPTIMIZE_FOR_SEQUENTIAL_KEY = OFF) ON [PRIMARY]
) ON [PRIMARY]
GO
/****** Object:  Table [dbo].[Marked_Off_Reason]    Script Date: 2020/09/07 17:03:34 ******/
SET ANSI_NULLS ON
GO
SET QUOTED_IDENTIFIER ON
GO
CREATE TABLE [dbo].[Marked_Off_Reason](
	[ReasonID] [int] IDENTITY(1,1) NOT NULL,
	[MODescription] [varchar](255) NULL,
PRIMARY KEY CLUSTERED 
(
	[ReasonID] ASC
)WITH (PAD_INDEX = OFF, STATISTICS_NORECOMPUTE = OFF, IGNORE_DUP_KEY = OFF, ALLOW_ROW_LOCKS = ON, ALLOW_PAGE_LOCKS = ON, OPTIMIZE_FOR_SEQUENTIAL_KEY = OFF) ON [PRIMARY]
) ON [PRIMARY]
GO
/****** Object:  Table [dbo].[Payment]    Script Date: 2020/09/07 17:03:34 ******/
SET ANSI_NULLS ON
GO
SET QUOTED_IDENTIFIER ON
GO
CREATE TABLE [dbo].[Payment](
	[PaymentID] [int] IDENTITY(1,1) NOT NULL,
	[PaymentTypeID] [int] NULL,
	[SaleID] [int] NULL,
	[CustomerOrderID] [int] NULL,
	[PayDate] [date] NULL,
	[PayAmount] [real] NULL,
PRIMARY KEY CLUSTERED 
(
	[PaymentID] ASC
)WITH (PAD_INDEX = OFF, STATISTICS_NORECOMPUTE = OFF, IGNORE_DUP_KEY = OFF, ALLOW_ROW_LOCKS = ON, ALLOW_PAGE_LOCKS = ON, OPTIMIZE_FOR_SEQUENTIAL_KEY = OFF) ON [PRIMARY]
) ON [PRIMARY]
GO
/****** Object:  Table [dbo].[Payment_Type]    Script Date: 2020/09/07 17:03:34 ******/
SET ANSI_NULLS ON
GO
SET QUOTED_IDENTIFIER ON
GO
CREATE TABLE [dbo].[Payment_Type](
	[PaymentTypeID] [int] IDENTITY(1,1) NOT NULL,
	[PTDescription] [varchar](255) NULL,
PRIMARY KEY CLUSTERED 
(
	[PaymentTypeID] ASC
)WITH (PAD_INDEX = OFF, STATISTICS_NORECOMPUTE = OFF, IGNORE_DUP_KEY = OFF, ALLOW_ROW_LOCKS = ON, ALLOW_PAGE_LOCKS = ON, OPTIMIZE_FOR_SEQUENTIAL_KEY = OFF) ON [PRIMARY]
) ON [PRIMARY]
GO
/****** Object:  Table [dbo].[Price]    Script Date: 2020/09/07 17:03:34 ******/
SET ANSI_NULLS ON
GO
SET QUOTED_IDENTIFIER ON
GO
CREATE TABLE [dbo].[Price](
	[PriceID] [int] IDENTITY(1,1) NOT NULL,
	[ProductID] [int] NULL,
	[UPriceR] [real] NULL,
	[PriceDate] [date] NULL,
	[CPriceR] [real] NULL,
PRIMARY KEY CLUSTERED 
(
	[PriceID] ASC
)WITH (PAD_INDEX = OFF, STATISTICS_NORECOMPUTE = OFF, IGNORE_DUP_KEY = OFF, ALLOW_ROW_LOCKS = ON, ALLOW_PAGE_LOCKS = ON, OPTIMIZE_FOR_SEQUENTIAL_KEY = OFF) ON [PRIMARY]
) ON [PRIMARY]
GO
/****** Object:  Table [dbo].[Product]    Script Date: 2020/09/07 17:03:34 ******/
SET ANSI_NULLS ON
GO
SET QUOTED_IDENTIFIER ON
GO
CREATE TABLE [dbo].[Product](
	[ProductID] [int] IDENTITY(1,1) NOT NULL,
	[ProductCategoryID] [int] NULL,
	[ProdName] [varchar](50) NULL,
	[ProdDesciption] [varchar](255) NULL,
	[ProdReLevel] [int] NULL,
PRIMARY KEY CLUSTERED 
(
	[ProductID] ASC
)WITH (PAD_INDEX = OFF, STATISTICS_NORECOMPUTE = OFF, IGNORE_DUP_KEY = OFF, ALLOW_ROW_LOCKS = ON, ALLOW_PAGE_LOCKS = ON, OPTIMIZE_FOR_SEQUENTIAL_KEY = OFF) ON [PRIMARY]
) ON [PRIMARY]
GO
/****** Object:  Table [dbo].[Product_Backlog]    Script Date: 2020/09/07 17:03:34 ******/
SET ANSI_NULLS ON
GO
SET QUOTED_IDENTIFIER ON
GO
CREATE TABLE [dbo].[Product_Backlog](
	[ProductBackLogID] [int] IDENTITY(1,1) NOT NULL,
	[CustomerOrderID] [int] NULL,
	[ProductID] [int] NULL,
	[QauntityToOrder] [int] NULL,
PRIMARY KEY CLUSTERED 
(
	[ProductBackLogID] ASC
)WITH (PAD_INDEX = OFF, STATISTICS_NORECOMPUTE = OFF, IGNORE_DUP_KEY = OFF, ALLOW_ROW_LOCKS = ON, ALLOW_PAGE_LOCKS = ON, OPTIMIZE_FOR_SEQUENTIAL_KEY = OFF) ON [PRIMARY]
) ON [PRIMARY]
GO
/****** Object:  Table [dbo].[Product_Category]    Script Date: 2020/09/07 17:03:34 ******/
SET ANSI_NULLS ON
GO
SET QUOTED_IDENTIFIER ON
GO
CREATE TABLE [dbo].[Product_Category](
	[ProductCategoryID] [int] IDENTITY(1,1) NOT NULL,
	[PCatName] [varchar](25) NULL,
	[PCatDescription] [varchar](255) NULL,
PRIMARY KEY CLUSTERED 
(
	[ProductCategoryID] ASC
)WITH (PAD_INDEX = OFF, STATISTICS_NORECOMPUTE = OFF, IGNORE_DUP_KEY = OFF, ALLOW_ROW_LOCKS = ON, ALLOW_PAGE_LOCKS = ON, OPTIMIZE_FOR_SEQUENTIAL_KEY = OFF) ON [PRIMARY]
) ON [PRIMARY]
GO
/****** Object:  Table [dbo].[Product_Order_Line]    Script Date: 2020/09/07 17:03:34 ******/
SET ANSI_NULLS ON
GO
SET QUOTED_IDENTIFIER ON
GO
CREATE TABLE [dbo].[Product_Order_Line](
	[CustomerOrderID] [int] NOT NULL,
	[ProductID] [int] NOT NULL,
	[PLQuantity] [int] NULL,
PRIMARY KEY CLUSTERED 
(
	[CustomerOrderID] ASC,
	[ProductID] ASC
)WITH (PAD_INDEX = OFF, STATISTICS_NORECOMPUTE = OFF, IGNORE_DUP_KEY = OFF, ALLOW_ROW_LOCKS = ON, ALLOW_PAGE_LOCKS = ON, OPTIMIZE_FOR_SEQUENTIAL_KEY = OFF) ON [PRIMARY]
) ON [PRIMARY]
GO
/****** Object:  Table [dbo].[Product_Sale]    Script Date: 2020/09/07 17:03:34 ******/
SET ANSI_NULLS ON
GO
SET QUOTED_IDENTIFIER ON
GO
CREATE TABLE [dbo].[Product_Sale](
	[ProductID] [int] NOT NULL,
	[SaleID] [int] NOT NULL,
	[PSQuantity] [int] NULL,
PRIMARY KEY CLUSTERED 
(
	[ProductID] ASC,
	[SaleID] ASC
)WITH (PAD_INDEX = OFF, STATISTICS_NORECOMPUTE = OFF, IGNORE_DUP_KEY = OFF, ALLOW_ROW_LOCKS = ON, ALLOW_PAGE_LOCKS = ON, OPTIMIZE_FOR_SEQUENTIAL_KEY = OFF) ON [PRIMARY]
) ON [PRIMARY]
GO
/****** Object:  Table [dbo].[Product_Supplier]    Script Date: 2020/09/07 17:03:34 ******/
SET ANSI_NULLS ON
GO
SET QUOTED_IDENTIFIER ON
GO
CREATE TABLE [dbo].[Product_Supplier](
	[ProductID] [int] NOT NULL,
	[SupplierID] [int] NOT NULL,
PRIMARY KEY CLUSTERED 
(
	[ProductID] ASC,
	[SupplierID] ASC
)WITH (PAD_INDEX = OFF, STATISTICS_NORECOMPUTE = OFF, IGNORE_DUP_KEY = OFF, ALLOW_ROW_LOCKS = ON, ALLOW_PAGE_LOCKS = ON, OPTIMIZE_FOR_SEQUENTIAL_KEY = OFF) ON [PRIMARY]
) ON [PRIMARY]
GO
/****** Object:  Table [dbo].[Province]    Script Date: 2020/09/07 17:03:34 ******/
SET ANSI_NULLS ON
GO
SET QUOTED_IDENTIFIER ON
GO
CREATE TABLE [dbo].[Province](
	[ProvinceID] [int] IDENTITY(1,1) NOT NULL,
	[ProvName] [varchar](15) NULL,
PRIMARY KEY CLUSTERED 
(
	[ProvinceID] ASC
)WITH (PAD_INDEX = OFF, STATISTICS_NORECOMPUTE = OFF, IGNORE_DUP_KEY = OFF, ALLOW_ROW_LOCKS = ON, ALLOW_PAGE_LOCKS = ON, OPTIMIZE_FOR_SEQUENTIAL_KEY = OFF) ON [PRIMARY]
) ON [PRIMARY]
GO
/****** Object:  Table [dbo].[Return_Product]    Script Date: 2020/09/07 17:03:34 ******/
SET ANSI_NULLS ON
GO
SET QUOTED_IDENTIFIER ON
GO
CREATE TABLE [dbo].[Return_Product](
	[ReturnProductID] [int] IDENTITY(1,1) NOT NULL,
	[ProductID] [int] NULL,
	[ContainerID] [int] NULL,
	[Quantity] [int] NULL,
PRIMARY KEY CLUSTERED 
(
	[ReturnProductID] ASC
)WITH (PAD_INDEX = OFF, STATISTICS_NORECOMPUTE = OFF, IGNORE_DUP_KEY = OFF, ALLOW_ROW_LOCKS = ON, ALLOW_PAGE_LOCKS = ON, OPTIMIZE_FOR_SEQUENTIAL_KEY = OFF) ON [PRIMARY]
) ON [PRIMARY]
GO
/****** Object:  Table [dbo].[Sale]    Script Date: 2020/09/07 17:03:34 ******/
SET ANSI_NULLS ON
GO
SET QUOTED_IDENTIFIER ON
GO
CREATE TABLE [dbo].[Sale](
	[SaleID] [int] IDENTITY(1,1) NOT NULL,
	[UserID] [int] NULL,
	[SaleDate] [date] NULL,
PRIMARY KEY CLUSTERED 
(
	[SaleID] ASC
)WITH (PAD_INDEX = OFF, STATISTICS_NORECOMPUTE = OFF, IGNORE_DUP_KEY = OFF, ALLOW_ROW_LOCKS = ON, ALLOW_PAGE_LOCKS = ON, OPTIMIZE_FOR_SEQUENTIAL_KEY = OFF) ON [PRIMARY]
) ON [PRIMARY]
GO
/****** Object:  Table [dbo].[Shift]    Script Date: 2020/09/07 17:03:34 ******/
SET ANSI_NULLS ON
GO
SET QUOTED_IDENTIFIER ON
GO
CREATE TABLE [dbo].[Shift](
	[ShiftID] [int] IDENTITY(1,1) NOT NULL,
	[Date] [date] NULL,
	[ShiBegin] [time](7) NULL,
	[ShiEnd] [time](7) NULL,
PRIMARY KEY CLUSTERED 
(
	[ShiftID] ASC
)WITH (PAD_INDEX = OFF, STATISTICS_NORECOMPUTE = OFF, IGNORE_DUP_KEY = OFF, ALLOW_ROW_LOCKS = ON, ALLOW_PAGE_LOCKS = ON, OPTIMIZE_FOR_SEQUENTIAL_KEY = OFF) ON [PRIMARY]
) ON [PRIMARY]
GO
/****** Object:  Table [dbo].[Stock_Take]    Script Date: 2020/09/07 17:03:34 ******/
SET ANSI_NULLS ON
GO
SET QUOTED_IDENTIFIER ON
GO
CREATE TABLE [dbo].[Stock_Take](
	[StockTakeID] [int] IDENTITY(1,1) NOT NULL,
	[EmployeeID] [int] NULL,
	[STakeDate] [date] NULL,
	[STakeQuantity] [int] NULL,
	[ProdCategory] [varchar](25) NULL,
	[ProdName] [varchar](50) NULL,
PRIMARY KEY CLUSTERED 
(
	[StockTakeID] ASC
)WITH (PAD_INDEX = OFF, STATISTICS_NORECOMPUTE = OFF, IGNORE_DUP_KEY = OFF, ALLOW_ROW_LOCKS = ON, ALLOW_PAGE_LOCKS = ON, OPTIMIZE_FOR_SEQUENTIAL_KEY = OFF) ON [PRIMARY]
) ON [PRIMARY]
GO
/****** Object:  Table [dbo].[Supplier]    Script Date: 2020/09/07 17:03:34 ******/
SET ANSI_NULLS ON
GO
SET QUOTED_IDENTIFIER ON
GO
CREATE TABLE [dbo].[Supplier](
	[SupplierID] [int] IDENTITY(1,1) NOT NULL,
	[SupName] [varchar](50) NULL,
	[SupCell] [varchar](10) NULL,
	[SupEmail] [varchar](75) NULL,
	[SupStreetNr] [varchar](10) NULL,
	[SupStreet] [varchar](35) NULL,
	[SupSuburb] [varchar](35) NULL,
	[SupCode] [varchar](4) NULL,
PRIMARY KEY CLUSTERED 
(
	[SupplierID] ASC
)WITH (PAD_INDEX = OFF, STATISTICS_NORECOMPUTE = OFF, IGNORE_DUP_KEY = OFF, ALLOW_ROW_LOCKS = ON, ALLOW_PAGE_LOCKS = ON, OPTIMIZE_FOR_SEQUENTIAL_KEY = OFF) ON [PRIMARY]
) ON [PRIMARY]
GO
/****** Object:  Table [dbo].[Supplier_Order]    Script Date: 2020/09/07 17:03:34 ******/
SET ANSI_NULLS ON
GO
SET QUOTED_IDENTIFIER ON
GO
CREATE TABLE [dbo].[Supplier_Order](
	[SupplierOrderID] [int] IDENTITY(1,1) NOT NULL,
	[SupplierID] [int] NULL,
	[SupplierOrderStatusID] [int] NULL,
	[SODate] [date] NULL,
PRIMARY KEY CLUSTERED 
(
	[SupplierOrderID] ASC
)WITH (PAD_INDEX = OFF, STATISTICS_NORECOMPUTE = OFF, IGNORE_DUP_KEY = OFF, ALLOW_ROW_LOCKS = ON, ALLOW_PAGE_LOCKS = ON, OPTIMIZE_FOR_SEQUENTIAL_KEY = OFF) ON [PRIMARY]
) ON [PRIMARY]
GO
/****** Object:  Table [dbo].[Supplier_Order_Product]    Script Date: 2020/09/07 17:03:34 ******/
SET ANSI_NULLS ON
GO
SET QUOTED_IDENTIFIER ON
GO
CREATE TABLE [dbo].[Supplier_Order_Product](
	[ProductID] [int] NOT NULL,
	[SupplierOrderID] [int] NOT NULL,
	[SOPQuantity] [int] NULL,
PRIMARY KEY CLUSTERED 
(
	[ProductID] ASC,
	[SupplierOrderID] ASC
)WITH (PAD_INDEX = OFF, STATISTICS_NORECOMPUTE = OFF, IGNORE_DUP_KEY = OFF, ALLOW_ROW_LOCKS = ON, ALLOW_PAGE_LOCKS = ON, OPTIMIZE_FOR_SEQUENTIAL_KEY = OFF) ON [PRIMARY]
) ON [PRIMARY]
GO
/****** Object:  Table [dbo].[Supplier_Order_Status]    Script Date: 2020/09/07 17:03:34 ******/
SET ANSI_NULLS ON
GO
SET QUOTED_IDENTIFIER ON
GO
CREATE TABLE [dbo].[Supplier_Order_Status](
	[SupplierOrderStatusID] [int] IDENTITY(1,1) NOT NULL,
	[SOSDescription] [varchar](255) NULL,
PRIMARY KEY CLUSTERED 
(
	[SupplierOrderStatusID] ASC
)WITH (PAD_INDEX = OFF, STATISTICS_NORECOMPUTE = OFF, IGNORE_DUP_KEY = OFF, ALLOW_ROW_LOCKS = ON, ALLOW_PAGE_LOCKS = ON, OPTIMIZE_FOR_SEQUENTIAL_KEY = OFF) ON [PRIMARY]
) ON [PRIMARY]
GO
/****** Object:  Table [dbo].[User]    Script Date: 2020/09/07 17:03:34 ******/
SET ANSI_NULLS ON
GO
SET QUOTED_IDENTIFIER ON
GO
CREATE TABLE [dbo].[User](
	[UserID] [int] IDENTITY(1,1) NOT NULL,
	[UserTypeID] [int] NULL,
	[UserPassword] [varchar](50) NULL,
	[UserName] [varchar](25) NULL,
	[UserSurname] [varchar](35) NULL,
	[UserCell] [varchar](10) NULL,
	[UserEmail] [varchar](75) NULL,
PRIMARY KEY CLUSTERED 
(
	[UserID] ASC
)WITH (PAD_INDEX = OFF, STATISTICS_NORECOMPUTE = OFF, IGNORE_DUP_KEY = OFF, ALLOW_ROW_LOCKS = ON, ALLOW_PAGE_LOCKS = ON, OPTIMIZE_FOR_SEQUENTIAL_KEY = OFF) ON [PRIMARY]
) ON [PRIMARY]
GO
/****** Object:  Table [dbo].[User_Shift]    Script Date: 2020/09/07 17:03:34 ******/
SET ANSI_NULLS ON
GO
SET QUOTED_IDENTIFIER ON
GO
CREATE TABLE [dbo].[User_Shift](
	[ShiftID] [int] NOT NULL,
	[UserID] [int] NOT NULL,
PRIMARY KEY CLUSTERED 
(
	[ShiftID] ASC,
	[UserID] ASC
)WITH (PAD_INDEX = OFF, STATISTICS_NORECOMPUTE = OFF, IGNORE_DUP_KEY = OFF, ALLOW_ROW_LOCKS = ON, ALLOW_PAGE_LOCKS = ON, OPTIMIZE_FOR_SEQUENTIAL_KEY = OFF) ON [PRIMARY]
) ON [PRIMARY]
GO
/****** Object:  Table [dbo].[User_Type]    Script Date: 2020/09/07 17:03:34 ******/
SET ANSI_NULLS ON
GO
SET QUOTED_IDENTIFIER ON
GO
CREATE TABLE [dbo].[User_Type](
	[UserTypeID] [int] IDENTITY(1,1) NOT NULL,
	[UTypeDescription] [varchar](255) NULL,
PRIMARY KEY CLUSTERED 
(
	[UserTypeID] ASC
)WITH (PAD_INDEX = OFF, STATISTICS_NORECOMPUTE = OFF, IGNORE_DUP_KEY = OFF, ALLOW_ROW_LOCKS = ON, ALLOW_PAGE_LOCKS = ON, OPTIMIZE_FOR_SEQUENTIAL_KEY = OFF) ON [PRIMARY]
) ON [PRIMARY]
GO
/****** Object:  Table [dbo].[VAT]    Script Date: 2020/09/07 17:03:34 ******/
SET ANSI_NULLS ON
GO
SET QUOTED_IDENTIFIER ON
GO
CREATE TABLE [dbo].[VAT](
	[VATID] [int] IDENTITY(1,1) NOT NULL,
	[VATPerc] [real] NULL,
	[VATDate] [date] NULL,
PRIMARY KEY CLUSTERED 
(
	[VATID] ASC
)WITH (PAD_INDEX = OFF, STATISTICS_NORECOMPUTE = OFF, IGNORE_DUP_KEY = OFF, ALLOW_ROW_LOCKS = ON, ALLOW_PAGE_LOCKS = ON, OPTIMIZE_FOR_SEQUENTIAL_KEY = OFF) ON [PRIMARY]
) ON [PRIMARY]
GO
INSERT [dbo].[__MigrationHistory] ([MigrationId], [ContextKey], [Model], [ProductVersion]) VALUES (N'202009041706495_MyFirstMigration', N'ORDRA_API.Migrations.Configuration', 0x1F8B0800000000000400DD5C5B6FECB6117E2FD0FF20E8A92D9C952F3D07A7C66E82CDDA6E8DFA06AF4FD037832B71D7C2912845A21C1B457E591FF293F2173AD45DBC48D4AEF6E22040E0E5E59BE170480E471FCFEFFFFB6DFCC39BEF19AF388ADD804CCC93D1B1696062078E4B561333A1CBEFBE983F7CFFE73F8D2F1DFFCDF8A96877C6DA414F124FCC174AC373CB8AED17ECA378E4BB7614C4C1928EECC0B7901358A7C7C7FFB04E4E2C0C10266019C6F83121D4F571FA037ECE0262E39026C8BB0D1CECC57939D4CC5354E30EF9380E918D27E6FDE3C5E3F479FA703DCADA9AC6D47311E831C7DED2341021014514B43CFF1AE3398D02B29A875080BCA7F71043BB25F2629C6B7F5E35D71DC8F1291B8855752CA0EC24A681DF13F0E42CB78CC5775FCBBE666939B0DD25D898BEB351A7F69B98D70E4E8B1E030F0CC00B3C9F79116B3C316F4B11D338BCC37454741C65905711C0FD1244DF4675C42343BBDF51E949A7A363F6DF91314B3C9A447842704223E41D190FC9C273ED7FE3F7A7E01B2693B393C5F2ECCBA7CFC839FBFC777CF6A93E52182BB46B1440D14314843802DDF0B21CBF6958CD7E16DFB1EC56EB9359057C09168569DCA2B71B4C56F40596CBE917D3B872DFB05394E4CEF595B8B086A0138D12F87997781E5A78B8ACB75A65B2FFB7483DFDF47910A977E8D55DA553CFC9878513C1BA7AC45E5A1BBFB861B6BC1AF3FD9C37BB8A029FFD6EFA5756FB3C0F92C8668309944D9E50B4C2B4A9DDD8AA9C57CBA519D4F06E5DA01EBE6B334D45F7963665035A6725142276BD1A0A7DB72B57DBE3A661089397BA16B3489BC3F147D588EB7B64A42D0C6851B9CD89AEDB1018CE1F7917BC72A398766C85F0A796E87649376847822E7DE47A03ECEC1A5220A45ABA918FCB89FB3180758448EF697840710C1B9BF32F14BF6CDD40736C2711ACB739457EB875690F2F01C17789BF60CB7877B2069B9AA75F822B64D320BA24ACD7C6783781FD2D48E825712E10C55FA95D00B29F4FAEAF0F30883A53DBC6717C05CE8C9D5900378602F09AD0B3D3DE706CC7DD776435F390EBCB432BEE6C782E9A56E195BC851062299AC9C2AC36556F82954BF4542D9AAA55CD5A74AA9A37EBAB2A03D3D3346FA956346DD0A967D66AB0C0359DA1E123D714F6F043D7CDE211D55E5033E31C7648FC4F4C7004DB98F38028C511A9664067DFD847FC934E1F13BAF5B32995F413F292A145ADB51AD24D60F8D590C21EFE6A48D584E257D7615189C67DAE680CF05AEDE557C5EE35C769B6EBE5D018E6AE85EF660F502D97691C07B69BAE0249262FCFC334F58718CEE84ECA64A3E1133B30307074971D795002633379A7BA2717D8C3141B533BCB74CE506C234734230CC8E9A15871A24A14AB123C4DE5FE26C8044FC711EB84D825288695EA122A2E0B97D86E88BC4E2B713D358F3036F652065F7381434C98C04E4BE80897E7739802A51C6E52BA2C34B66A1ED7EE888AA85535E75D216C35EF429A65273ED9113B2BFC328FDFB6E298ED16DB8173B69B444701656E721F0E9ADF55741D80BFB81C9A837237268583E621D54E1CB469B13D3868D3241FCE41B32BAAEEFC73F7D54373CFE64579F7C77AABB9F6E09B0D7B1C986B66B127F4A1D00347A27B5E2C58257EA392CB19E899DFCFE23CD4E55D8481CF316DA66CAA78571A875AED20BC13B501568ED6019A7FD514808405D543B92297D7AA5D1E45F4802DF26EADB0F9DECFC1D67C40C4AE7FDDAD35547F03E69D53EBF6518EACF406C1C9B52E0B351C8943F09B5773E01A4651E56545C3E8C4C27DA2E1DAC0F2C968315047E4AA30523198C1AD54B866B7956401599F906C232B71E193C24AC56006B752EEA3DD469204053DC2828D4CD43CC2075A6C45A6A33C6DCABAB19551BEF282B1A5E0868D6F5118BA6455E38AE525C63C238ACDBE9BF7E750F9198665C7122A55A96D298906115A61AE164483A6E9E7EB0B44D102B13CCFCCF18566D2B355B1FD1722EBC7A73889C53950B4667F673D042E42E3A41543911CE10AC6E7B378264DA24B665FDEDD60CC3DE4A14892B79F055EE2137578A5EE9D7DBDABF7CF4A4484B1C5E92F844F82AD8420B76978AD691197C4205354C62EEB4F931A4265EC22F2AC9B5B158DAA518AE4541D4595B0DADBB4A982981E53C54787FD67AA13613B6BAAC6B2A983D48AF5B12A1E4D1DAA2AD547CA89327598BCA827468D6B2180D5EAF4519B74983A66B3461F91E3BCD421B9AA1E5AD6992D0D25EB156BE1292C2A6FA12F41E4B2D4D1C5DA1E5E29B25A1AEE2956AF812DD199AFD34795105FEAC0926A7DEC8A05C36FEC077C962A6F526B1EA6D9557BB3D35481B19D5D7A98C3B8C628A803D58A7B62E59C01012C2F3F485F52DE37D7F4A52CBFB2992F2930D4BB4EE34B7C73D369A50FA8311B9FD71B1B7B1BBD408DD7CF63B7EA17C265936F524A2F2F9DDCE5729C5FF4BA5F270937BFAC896914668443FD3DA6D81FB106A3F9CFDECC7331DBC28B06B788B84B1CD38C52629E1E9F9C724F9C0EE7B99115C78E27B928ABDE1C35E76C07EC30F28A22FB054522576383273915A89006BF260E7E9B98FF4D7B9DA71915F6575A7C645CC75F89FB7302154F51828D5F45EEE9304F14341EC5948AFEFA215E9BE89BFCFA3FCF59D723E33E82E5746E1C73865E67FA9B6F507A699375DD409BB55FA67CDCD5263CFD2890FFE2A3B7BFD6E1D679DEB11158E3098774C0DC425EFFC5C6C2A583BCD6D868BCD217191B214A5E5D0C8537880955AF2AD6C152BEA870E0274D5F54F4F465E90B8B755453BEAE70497F30FE6D85FE0E59F4DCE31129B9C9ED62B74CEDDCC94DDF88A8BAEF6353A0B06FB4D0459A7A0FB841A9E89B454F1F8CE23DD8A92E61700F86BD4FBFDF3A6DFB5098DAD57D62BF04ED5D72B25BBEBDFDA1A8D807401E9490A1F64FB8DEB5AFA952D307CE5AED47AB3E3067CB8FF9FD93A777ED6CAADCF5813B5B2F8AF481F9DABECECF3D7B9AF611BA77C2B3C8DD527C629225B8BB08CDD9D700B8FE2F0270822CA28499598BEDAC45765608D466430B0B469029B46811D99F34ADC7996E11B926AB5A8F54DD22F77068D752D2A66CF23BF6AC3656D947A2593746D2C1EAEF8A4F5BB9011F89553D88511A2B47F191FBE390A80731C9904BA707695AFC5E0DE764EDDFDC84B33A76571504FB173809B61B2764D9E69A2C83E2A0E6342A9A70D9985B4C9103C7E734A2EE12D914AA59B2397D349F26F0D8278F0576AEC97D42C384C290B1BFF01AC92D76E0B7C94F99E14D9DC7F721FB150F310450D36549FA7BF263E27A4EA9F79524FFA3806091449EDA657349598A77F55E22DD05441328375F19003D613FF4002CBE2773F48AD7D10DDCEF06AF90FD5E65FB5420DD13D134FBF8C245AB08F9718E51F5879FE0C38EFFF6FDFF016B0CD5D67A560000, N'6.2.0-61023')
GO
SET IDENTITY_INSERT [dbo].[Area] ON 
GO
INSERT [dbo].[Area] ([AreaID], [AreaStatusID], [ProvinceID], [ArName], [ArPostalCode]) VALUES (1, 1, 1, N'Extention 1, Mamelodi', N'0122')
GO
INSERT [dbo].[Area] ([AreaID], [AreaStatusID], [ProvinceID], [ArName], [ArPostalCode]) VALUES (2, 1, 1, N'Extension 18, Mamelodi', N'0122')
GO
INSERT [dbo].[Area] ([AreaID], [AreaStatusID], [ProvinceID], [ArName], [ArPostalCode]) VALUES (3, 1, 1, N'Extension 4, Mamelodi', N'0122')
GO
SET IDENTITY_INSERT [dbo].[Area] OFF
GO
SET IDENTITY_INSERT [dbo].[Area_Status] ON 
GO
INSERT [dbo].[Area_Status] ([AreaStatusID], [ASDescription]) VALUES (1, N'Active')
GO
INSERT [dbo].[Area_Status] ([AreaStatusID], [ASDescription]) VALUES (2, N'Awaiting approval')
GO
INSERT [dbo].[Area_Status] ([AreaStatusID], [ASDescription]) VALUES (3, N'Deactivated')
GO
SET IDENTITY_INSERT [dbo].[Area_Status] OFF
GO
SET IDENTITY_INSERT [dbo].[Container] ON 
GO
INSERT [dbo].[Container] ([ContainerID], [ConName], [ConDescription]) VALUES (1, N'Betha Mamelodi', N'Situated in Mamelodi east')
GO
INSERT [dbo].[Container] ([ContainerID], [ConName], [ConDescription]) VALUES (2, N'Crispy pools Mamelodi', N'Situated in Mamelodi by crispy pools')
GO
INSERT [dbo].[Container] ([ContainerID], [ConName], [ConDescription]) VALUES (3, N'Legora Mamelodi', N'Situated in Mamelodi by Legora primary school')
GO
SET IDENTITY_INSERT [dbo].[Container] OFF
GO
INSERT [dbo].[Container_Product] ([ContainerID], [ProductID], [CPQuantity]) VALUES (1, 1, 25)
GO
INSERT [dbo].[Container_Product] ([ContainerID], [ProductID], [CPQuantity]) VALUES (1, 2, 12)
GO
INSERT [dbo].[Container_Product] ([ContainerID], [ProductID], [CPQuantity]) VALUES (1, 3, 34)
GO
INSERT [dbo].[Container_Product] ([ContainerID], [ProductID], [CPQuantity]) VALUES (2, 1, 16)
GO
INSERT [dbo].[Container_Product] ([ContainerID], [ProductID], [CPQuantity]) VALUES (2, 2, 19)
GO
INSERT [dbo].[Container_Product] ([ContainerID], [ProductID], [CPQuantity]) VALUES (2, 3, 13)
GO
INSERT [dbo].[Container_Product] ([ContainerID], [ProductID], [CPQuantity]) VALUES (3, 1, 32)
GO
INSERT [dbo].[Container_Product] ([ContainerID], [ProductID], [CPQuantity]) VALUES (3, 2, 21)
GO
INSERT [dbo].[Container_Product] ([ContainerID], [ProductID], [CPQuantity]) VALUES (3, 3, 24)
GO
SET IDENTITY_INSERT [dbo].[Creditor] ON 
GO
INSERT [dbo].[Creditor] ([CreditorID], [SupplierID], [CredAccountBalance]) VALUES (1, 1, 20120)
GO
INSERT [dbo].[Creditor] ([CreditorID], [SupplierID], [CredAccountBalance]) VALUES (2, 2, 12789.5)
GO
SET IDENTITY_INSERT [dbo].[Creditor] OFF
GO
SET IDENTITY_INSERT [dbo].[Creditor_Payment] ON 
GO
INSERT [dbo].[Creditor_Payment] ([PaymentID], [CreditorID], [CredPaymentDate], [CredPaymentAmount]) VALUES (1, 2, CAST(N'2020-03-21' AS Date), 6050)
GO
INSERT [dbo].[Creditor_Payment] ([PaymentID], [CreditorID], [CredPaymentDate], [CredPaymentAmount]) VALUES (2, 1, CAST(N'2020-05-30' AS Date), 12500)
GO
INSERT [dbo].[Creditor_Payment] ([PaymentID], [CreditorID], [CredPaymentDate], [CredPaymentAmount]) VALUES (3, 2, CAST(N'2020-07-10' AS Date), 15900)
GO
SET IDENTITY_INSERT [dbo].[Creditor_Payment] OFF
GO
SET IDENTITY_INSERT [dbo].[Customer] ON 
GO
INSERT [dbo].[Customer] ([CustomerID], [CusName], [CusSurname], [CusCell], [CusEmail], [CusStreetNr], [CusStreet], [CusCode], [CusSuburb]) VALUES (1, N'Wanda', N'Carmicheal', N'0824563214', N'wandacarmicheal@gmail.com', N'381', N'Smith Street', N'0018', N'Hatfield')
GO
INSERT [dbo].[Customer] ([CustomerID], [CusName], [CusSurname], [CusCell], [CusEmail], [CusStreetNr], [CusStreet], [CusCode], [CusSuburb]) VALUES (2, N'Melinda', N'Dube', N'0717599838', N'melindadube@yahoo.com', N'12', N'Arcadia Street', N'0018', N'Arcadia')
GO
INSERT [dbo].[Customer] ([CustomerID], [CusName], [CusSurname], [CusCell], [CusEmail], [CusStreetNr], [CusStreet], [CusCode], [CusSuburb]) VALUES (3, N'Carol', N'Carter', N'0627893452', N'carolcarter@gmail.com', N'56', N'Sisulu Streett', N'0012', N'Islington')
GO
SET IDENTITY_INSERT [dbo].[Customer] OFF
GO
SET IDENTITY_INSERT [dbo].[Customer_Order] ON 
GO
INSERT [dbo].[Customer_Order] ([CustomerOrderID], [CustomerID], [UserID], [CustomerOrderStatusID], [CusOrdNumber], [CusOrdDate]) VALUES (1, 1, 2, 4, N'2722', CAST(N'2020-08-02' AS Date))
GO
INSERT [dbo].[Customer_Order] ([CustomerOrderID], [CustomerID], [UserID], [CustomerOrderStatusID], [CusOrdNumber], [CusOrdDate]) VALUES (2, 3, 1, 3, N'2726', CAST(N'2020-08-12' AS Date))
GO
INSERT [dbo].[Customer_Order] ([CustomerOrderID], [CustomerID], [UserID], [CustomerOrderStatusID], [CusOrdNumber], [CusOrdDate]) VALUES (3, 2, 3, 1, N'2710', CAST(N'2020-06-15' AS Date))
GO
SET IDENTITY_INSERT [dbo].[Customer_Order] OFF
GO
SET IDENTITY_INSERT [dbo].[Customer_Order_Status] ON 
GO
INSERT [dbo].[Customer_Order_Status] ([CustomerOrderStatusID], [CODescription]) VALUES (1, N'Fulfilled')
GO
INSERT [dbo].[Customer_Order_Status] ([CustomerOrderStatusID], [CODescription]) VALUES (2, N'Awaiting supplier delivery')
GO
INSERT [dbo].[Customer_Order_Status] ([CustomerOrderStatusID], [CODescription]) VALUES (3, N'Placed')
GO
INSERT [dbo].[Customer_Order_Status] ([CustomerOrderStatusID], [CODescription]) VALUES (4, N'Retrieved')
GO
SET IDENTITY_INSERT [dbo].[Customer_Order_Status] OFF
GO
INSERT [dbo].[Donated_Product] ([ProductID], [DonationID], [DPQuantity]) VALUES (1, 1, 20)
GO
INSERT [dbo].[Donated_Product] ([ProductID], [DonationID], [DPQuantity]) VALUES (2, 2, 50)
GO
INSERT [dbo].[Donated_Product] ([ProductID], [DonationID], [DPQuantity]) VALUES (3, 2, 15)
GO
SET IDENTITY_INSERT [dbo].[Donation] ON 
GO
INSERT [dbo].[Donation] ([DonationID], [DonationStatusID], [RecipientID], [DonAmount], [DonDate], [DonDescription]) VALUES (1, 1, 2, 5000, CAST(N'2020-01-29' AS Date), N'Donated to help less priviledged children get stationery')
GO
INSERT [dbo].[Donation] ([DonationID], [DonationStatusID], [RecipientID], [DonAmount], [DonDate], [DonDescription]) VALUES (2, 2, 3, 0, CAST(N'2020-04-10' AS Date), N'Donated to a program that tutors students for free')
GO
INSERT [dbo].[Donation] ([DonationID], [DonationStatusID], [RecipientID], [DonAmount], [DonDate], [DonDescription]) VALUES (3, 1, 1, 6000, CAST(N'2020-05-20' AS Date), N'Donated to help people affected by COVID 19')
GO
SET IDENTITY_INSERT [dbo].[Donation] OFF
GO
SET IDENTITY_INSERT [dbo].[Donation_Recipient] ON 
GO
INSERT [dbo].[Donation_Recipient] ([RecipientID], [DrName], [DrSurname], [DrCell], [DrEmail], [DrStreetNr], [DrStreet], [DrArea], [DrCode]) VALUES (1, N'Julie', N'Richards', N'0128972817', N'julierichards@gmail.com', N'34', N'Walter Sisulu Street', N'Pretoria CBD', N'0020')
GO
INSERT [dbo].[Donation_Recipient] ([RecipientID], [DrName], [DrSurname], [DrCell], [DrEmail], [DrStreetNr], [DrStreet], [DrArea], [DrCode]) VALUES (2, N'David', N'Mkhize', N'0124782947', N'davidMkhize@yahoo.com', N'54', N'Pensilla street', N'Menlyn', N'0023')
GO
INSERT [dbo].[Donation_Recipient] ([RecipientID], [DrName], [DrSurname], [DrCell], [DrEmail], [DrStreetNr], [DrStreet], [DrArea], [DrCode]) VALUES (3, N'Mita', N'Price', N'0123451234', N'mitaprice@gmail.com', N'23', N'Elaine Avenue', N'Silverlakes', N'0034')
GO
SET IDENTITY_INSERT [dbo].[Donation_Recipient] OFF
GO
SET IDENTITY_INSERT [dbo].[Donation_Status] ON 
GO
INSERT [dbo].[Donation_Status] ([DonationStatusID], [DSDescription]) VALUES (1, N'Awaiting Approval')
GO
INSERT [dbo].[Donation_Status] ([DonationStatusID], [DSDescription]) VALUES (2, N'Donated')
GO
SET IDENTITY_INSERT [dbo].[Donation_Status] OFF
GO
SET IDENTITY_INSERT [dbo].[Employee] ON 
GO
INSERT [dbo].[Employee] ([EmployeeID], [UserID], [EmpStartDate], [EmpShiftsCompleted]) VALUES (1, 2, CAST(N'2019-10-15' AS Date), 56)
GO
INSERT [dbo].[Employee] ([EmployeeID], [UserID], [EmpStartDate], [EmpShiftsCompleted]) VALUES (2, 1, CAST(N'2019-03-01' AS Date), 112)
GO
INSERT [dbo].[Employee] ([EmployeeID], [UserID], [EmpStartDate], [EmpShiftsCompleted]) VALUES (3, 3, CAST(N'2020-02-28' AS Date), 25)
GO
INSERT [dbo].[Employee] ([EmployeeID], [UserID], [EmpStartDate], [EmpShiftsCompleted]) VALUES (5, 1, CAST(N'2020-09-14' AS Date), 2)
GO
INSERT [dbo].[Employee] ([EmployeeID], [UserID], [EmpStartDate], [EmpShiftsCompleted]) VALUES (6, 1, CAST(N'2020-08-31' AS Date), 3)
GO
SET IDENTITY_INSERT [dbo].[Employee] OFF
GO
SET IDENTITY_INSERT [dbo].[Location] ON 
GO
INSERT [dbo].[Location] ([LocationID], [ContainerID], [LocationStatusID], [AreaID], [LocName]) VALUES (1, 1, 1, 3, N'Mamelodi Ext 4')
GO
INSERT [dbo].[Location] ([LocationID], [ContainerID], [LocationStatusID], [AreaID], [LocName]) VALUES (2, 2, 1, 2, N'Mamelodi Ext 18')
GO
INSERT [dbo].[Location] ([LocationID], [ContainerID], [LocationStatusID], [AreaID], [LocName]) VALUES (3, 3, 1, 1, N'Mamelodi Ext 1')
GO
SET IDENTITY_INSERT [dbo].[Location] OFF
GO
SET IDENTITY_INSERT [dbo].[Location_Status] ON 
GO
INSERT [dbo].[Location_Status] ([LocationStatusID], [LSDescription]) VALUES (1, N'Active')
GO
INSERT [dbo].[Location_Status] ([LocationStatusID], [LSDescription]) VALUES (2, N'Awaiting approval')
GO
INSERT [dbo].[Location_Status] ([LocationStatusID], [LSDescription]) VALUES (3, N'Deactivated')
GO
SET IDENTITY_INSERT [dbo].[Location_Status] OFF
GO
SET IDENTITY_INSERT [dbo].[Login] ON 
GO
INSERT [dbo].[Login] ([LoginID], [UserID], [LoginTime], [LoginDate]) VALUES (1, 2, CAST(N'00:00:00' AS Time), CAST(N'1900-01-01' AS Date))
GO
INSERT [dbo].[Login] ([LoginID], [UserID], [LoginTime], [LoginDate]) VALUES (2, 1, CAST(N'00:00:00' AS Time), CAST(N'1900-01-01' AS Date))
GO
INSERT [dbo].[Login] ([LoginID], [UserID], [LoginTime], [LoginDate]) VALUES (3, 3, CAST(N'00:00:00' AS Time), CAST(N'1900-01-01' AS Date))
GO
SET IDENTITY_INSERT [dbo].[Login] OFF
GO
SET IDENTITY_INSERT [dbo].[Logout] ON 
GO
INSERT [dbo].[Logout] ([LogoutID], [UserID], [LogoutTime], [LogoutDate]) VALUES (1, 2, CAST(N'00:00:00' AS Time), CAST(N'1900-01-01' AS Date))
GO
INSERT [dbo].[Logout] ([LogoutID], [UserID], [LogoutTime], [LogoutDate]) VALUES (2, 1, CAST(N'00:00:00' AS Time), CAST(N'1900-01-01' AS Date))
GO
INSERT [dbo].[Logout] ([LogoutID], [UserID], [LogoutTime], [LogoutDate]) VALUES (3, 3, CAST(N'00:00:00' AS Time), CAST(N'1900-01-01' AS Date))
GO
SET IDENTITY_INSERT [dbo].[Logout] OFF
GO
SET IDENTITY_INSERT [dbo].[Manager] ON 
GO
INSERT [dbo].[Manager] ([ManagerID], [UserID], [ManQualification], [ManNationality], [ManIDNumber], [ManNextOfKeenFName], [ManNextOfKeenCell]) VALUES (1, 2, N'Bcom General degree', N'South African', N'6704290231532', N'Joe', N'0835522268')
GO
INSERT [dbo].[Manager] ([ManagerID], [UserID], [ManQualification], [ManNationality], [ManIDNumber], [ManNextOfKeenFName], [ManNextOfKeenCell]) VALUES (2, 1, N'BcomHons Business management', N'South African', N'780129502452', N'Mary', N'0923513859')
GO
SET IDENTITY_INSERT [dbo].[Manager] OFF
GO
INSERT [dbo].[Manager_Container] ([ManagerID], [ContainerID]) VALUES (1, 2)
GO
INSERT [dbo].[Manager_Container] ([ManagerID], [ContainerID]) VALUES (2, 1)
GO
INSERT [dbo].[Manager_Container] ([ManagerID], [ContainerID]) VALUES (2, 3)
GO
SET IDENTITY_INSERT [dbo].[Marked_Off] ON 
GO
INSERT [dbo].[Marked_Off] ([MarkedOffID], [ProductID], [ReasonID], [MoQuantity], [MoDate]) VALUES (1, 2, 1, 50, CAST(N'2020-04-10' AS Date))
GO
INSERT [dbo].[Marked_Off] ([MarkedOffID], [ProductID], [ReasonID], [MoQuantity], [MoDate]) VALUES (2, 1, 4, 3, CAST(N'2020-01-15' AS Date))
GO
INSERT [dbo].[Marked_Off] ([MarkedOffID], [ProductID], [ReasonID], [MoQuantity], [MoDate]) VALUES (3, 3, 2, 4, CAST(N'2020-06-23' AS Date))
GO
SET IDENTITY_INSERT [dbo].[Marked_Off] OFF
GO
SET IDENTITY_INSERT [dbo].[Marked_Off_Reason] ON 
GO
INSERT [dbo].[Marked_Off_Reason] ([ReasonID], [MODescription]) VALUES (1, N'Donated')
GO
INSERT [dbo].[Marked_Off_Reason] ([ReasonID], [MODescription]) VALUES (2, N'Damaged')
GO
INSERT [dbo].[Marked_Off_Reason] ([ReasonID], [MODescription]) VALUES (3, N'Expired')
GO
INSERT [dbo].[Marked_Off_Reason] ([ReasonID], [MODescription]) VALUES (4, N'Stolen')
GO
SET IDENTITY_INSERT [dbo].[Marked_Off_Reason] OFF
GO
SET IDENTITY_INSERT [dbo].[Payment] ON 
GO
INSERT [dbo].[Payment] ([PaymentID], [PaymentTypeID], [SaleID], [CustomerOrderID], [PayDate], [PayAmount]) VALUES (1, 1, 2, 1, CAST(N'2020-08-17' AS Date), 160)
GO
INSERT [dbo].[Payment] ([PaymentID], [PaymentTypeID], [SaleID], [CustomerOrderID], [PayDate], [PayAmount]) VALUES (2, 1, 3, 3, CAST(N'2020-06-30' AS Date), 130)
GO
SET IDENTITY_INSERT [dbo].[Payment] OFF
GO
SET IDENTITY_INSERT [dbo].[Payment_Type] ON 
GO
INSERT [dbo].[Payment_Type] ([PaymentTypeID], [PTDescription]) VALUES (1, N'Cash')
GO
INSERT [dbo].[Payment_Type] ([PaymentTypeID], [PTDescription]) VALUES (2, N'Card')
GO
SET IDENTITY_INSERT [dbo].[Payment_Type] OFF
GO
SET IDENTITY_INSERT [dbo].[Price] ON 
GO
INSERT [dbo].[Price] ([PriceID], [ProductID], [UPriceR], [PriceDate], [CPriceR]) VALUES (1, 1, 10, CAST(N'2020-05-20' AS Date), 5.5)
GO
INSERT [dbo].[Price] ([PriceID], [ProductID], [UPriceR], [PriceDate], [CPriceR]) VALUES (2, 2, 9.5, CAST(N'2020-06-02' AS Date), 5)
GO
INSERT [dbo].[Price] ([PriceID], [ProductID], [UPriceR], [PriceDate], [CPriceR]) VALUES (3, 3, 30, CAST(N'2020-08-12' AS Date), 23)
GO
SET IDENTITY_INSERT [dbo].[Price] OFF
GO
SET IDENTITY_INSERT [dbo].[Product] ON 
GO
INSERT [dbo].[Product] ([ProductID], [ProductCategoryID], [ProdName], [ProdDesciption], [ProdReLevel]) VALUES (1, 1, N'Bic Orange Fine Ballpoint Pen blue', N'Brand: Bic, Product: Pen, Colour: Blue, Type: Fine ballpoint', 5)
GO
INSERT [dbo].[Product] ([ProductID], [ProductCategoryID], [ProdName], [ProdDesciption], [ProdReLevel]) VALUES (2, 1, N'Bic Crystal Medium Xtra Life Ballpoint Pens Blue', N'Brand: Bic , Product: Pen, Colour: Blue, Type: Crystal Medium Xtra Life Ballpoint', 5)
GO
INSERT [dbo].[Product] ([ProductID], [ProductCategoryID], [ProdName], [ProdDesciption], [ProdReLevel]) VALUES (3, 1, N'Pritt Stick 43g Glue Stick', N'Brand: Pritt, Product: Glue Stick, Size: 43g', 5)
GO
SET IDENTITY_INSERT [dbo].[Product] OFF
GO
SET IDENTITY_INSERT [dbo].[Product_Backlog] ON 
GO
INSERT [dbo].[Product_Backlog] ([ProductBackLogID], [CustomerOrderID], [ProductID], [QauntityToOrder]) VALUES (1, 2, 2, 15)
GO
INSERT [dbo].[Product_Backlog] ([ProductBackLogID], [CustomerOrderID], [ProductID], [QauntityToOrder]) VALUES (2, 1, 2, 20)
GO
INSERT [dbo].[Product_Backlog] ([ProductBackLogID], [CustomerOrderID], [ProductID], [QauntityToOrder]) VALUES (3, 2, 1, 50)
GO
INSERT [dbo].[Product_Backlog] ([ProductBackLogID], [CustomerOrderID], [ProductID], [QauntityToOrder]) VALUES (4, 3, 3, 30)
GO
SET IDENTITY_INSERT [dbo].[Product_Backlog] OFF
GO
SET IDENTITY_INSERT [dbo].[Product_Category] ON 
GO
INSERT [dbo].[Product_Category] ([ProductCategoryID], [PCatName], [PCatDescription]) VALUES (1, N'Stationery', N'writing and other office materials')
GO
INSERT [dbo].[Product_Category] ([ProductCategoryID], [PCatName], [PCatDescription]) VALUES (2, N'Blu-tel', N'airtime and other Communication materials')
GO
INSERT [dbo].[Product_Category] ([ProductCategoryID], [PCatName], [PCatDescription]) VALUES (3, N'Electronics', N'Electronic devices and technology')
GO
SET IDENTITY_INSERT [dbo].[Product_Category] OFF
GO
INSERT [dbo].[Product_Order_Line] ([CustomerOrderID], [ProductID], [PLQuantity]) VALUES (1, 2, 40)
GO
INSERT [dbo].[Product_Order_Line] ([CustomerOrderID], [ProductID], [PLQuantity]) VALUES (2, 1, 50)
GO
INSERT [dbo].[Product_Order_Line] ([CustomerOrderID], [ProductID], [PLQuantity]) VALUES (3, 3, 40)
GO
INSERT [dbo].[Product_Sale] ([ProductID], [SaleID], [PSQuantity]) VALUES (1, 3, 3)
GO
INSERT [dbo].[Product_Sale] ([ProductID], [SaleID], [PSQuantity]) VALUES (2, 1, 1)
GO
INSERT [dbo].[Product_Sale] ([ProductID], [SaleID], [PSQuantity]) VALUES (3, 2, 2)
GO
INSERT [dbo].[Product_Supplier] ([ProductID], [SupplierID]) VALUES (1, 2)
GO
INSERT [dbo].[Product_Supplier] ([ProductID], [SupplierID]) VALUES (2, 3)
GO
INSERT [dbo].[Product_Supplier] ([ProductID], [SupplierID]) VALUES (3, 1)
GO
SET IDENTITY_INSERT [dbo].[Province] ON 
GO
INSERT [dbo].[Province] ([ProvinceID], [ProvName]) VALUES (1, N'Gauteng')
GO
INSERT [dbo].[Province] ([ProvinceID], [ProvName]) VALUES (2, N'Kwa-Zulu Natal')
GO
INSERT [dbo].[Province] ([ProvinceID], [ProvName]) VALUES (3, N'North West')
GO
SET IDENTITY_INSERT [dbo].[Province] OFF
GO
SET IDENTITY_INSERT [dbo].[Return_Product] ON 
GO
INSERT [dbo].[Return_Product] ([ReturnProductID], [ProductID], [ContainerID], [Quantity]) VALUES (1, 1, 2, 10)
GO
INSERT [dbo].[Return_Product] ([ReturnProductID], [ProductID], [ContainerID], [Quantity]) VALUES (2, 3, 1, 15)
GO
INSERT [dbo].[Return_Product] ([ReturnProductID], [ProductID], [ContainerID], [Quantity]) VALUES (3, 2, 2, 20)
GO
SET IDENTITY_INSERT [dbo].[Return_Product] OFF
GO
SET IDENTITY_INSERT [dbo].[Sale] ON 
GO
INSERT [dbo].[Sale] ([SaleID], [UserID], [SaleDate]) VALUES (1, 2, CAST(N'2020-07-23' AS Date))
GO
INSERT [dbo].[Sale] ([SaleID], [UserID], [SaleDate]) VALUES (2, 3, CAST(N'2020-01-16' AS Date))
GO
INSERT [dbo].[Sale] ([SaleID], [UserID], [SaleDate]) VALUES (3, 1, CAST(N'2020-05-12' AS Date))
GO
SET IDENTITY_INSERT [dbo].[Sale] OFF
GO
SET IDENTITY_INSERT [dbo].[Shift] ON 
GO
INSERT [dbo].[Shift] ([ShiftID], [Date], [ShiBegin], [ShiEnd]) VALUES (1, CAST(N'2020-10-11' AS Date), CAST(N'06:25:46' AS Time), CAST(N'18:03:32' AS Time))
GO
INSERT [dbo].[Shift] ([ShiftID], [Date], [ShiBegin], [ShiEnd]) VALUES (2, CAST(N'2020-10-12' AS Date), CAST(N'06:45:23' AS Time), CAST(N'18:12:34' AS Time))
GO
INSERT [dbo].[Shift] ([ShiftID], [Date], [ShiBegin], [ShiEnd]) VALUES (3, CAST(N'2020-10-13' AS Date), CAST(N'06:33:17' AS Time), CAST(N'18:05:12' AS Time))
GO
SET IDENTITY_INSERT [dbo].[Shift] OFF
GO
SET IDENTITY_INSERT [dbo].[Stock_Take] ON 
GO
INSERT [dbo].[Stock_Take] ([StockTakeID], [EmployeeID], [STakeDate], [STakeQuantity], [ProdCategory], [ProdName]) VALUES (1, 1, CAST(N'2020-03-01' AS Date), 12, N'Stationery', N'Bic Orange Fine Ballpoint Pen blue')
GO
INSERT [dbo].[Stock_Take] ([StockTakeID], [EmployeeID], [STakeDate], [STakeQuantity], [ProdCategory], [ProdName]) VALUES (2, 1, CAST(N'2020-03-01' AS Date), 23, N'Stationery', N'Bic Crystal Medium Xtra Life Ballpoint Pens Blue')
GO
INSERT [dbo].[Stock_Take] ([StockTakeID], [EmployeeID], [STakeDate], [STakeQuantity], [ProdCategory], [ProdName]) VALUES (3, 1, CAST(N'2020-03-01' AS Date), 12, N'Stationery', N'Pritt Stick 43g Glue Stick')
GO
SET IDENTITY_INSERT [dbo].[Stock_Take] OFF
GO
SET IDENTITY_INSERT [dbo].[Supplier] ON 
GO
INSERT [dbo].[Supplier] ([SupplierID], [SupName], [SupCell], [SupEmail], [SupStreetNr], [SupStreet], [SupSuburb], [SupCode]) VALUES (1, N'Mash Wholesale distributors', N'0123252134', N'mashwholesale@gmail.com', N'23', N'Francis Baard street', N'Hatfield', N'0018')
GO
INSERT [dbo].[Supplier] ([SupplierID], [SupName], [SupCell], [SupEmail], [SupStreetNr], [SupStreet], [SupSuburb], [SupCode]) VALUES (2, N'PWA Stationery', N'0127521345', N'PWAStationery@yahoo.com', N'54', N'Tony Avenue', N'Arcadia', N'0018')
GO
INSERT [dbo].[Supplier] ([SupplierID], [SupName], [SupCell], [SupEmail], [SupStreetNr], [SupStreet], [SupSuburb], [SupCode]) VALUES (3, N'Makro Mamelodi', N'0123471092', N'Makro@gmail.com', N'12', N'Tshukulu Road', N'Mamelodi', N'0122')
GO
SET IDENTITY_INSERT [dbo].[Supplier] OFF
GO
SET IDENTITY_INSERT [dbo].[Supplier_Order] ON 
GO
INSERT [dbo].[Supplier_Order] ([SupplierOrderID], [SupplierID], [SupplierOrderStatusID], [SODate]) VALUES (1, 1, 3, CAST(N'2020-04-10' AS Date))
GO
INSERT [dbo].[Supplier_Order] ([SupplierOrderID], [SupplierID], [SupplierOrderStatusID], [SODate]) VALUES (2, 3, 2, CAST(N'2020-02-28' AS Date))
GO
INSERT [dbo].[Supplier_Order] ([SupplierOrderID], [SupplierID], [SupplierOrderStatusID], [SODate]) VALUES (3, 2, 1, CAST(N'2020-07-12' AS Date))
GO
SET IDENTITY_INSERT [dbo].[Supplier_Order] OFF
GO
INSERT [dbo].[Supplier_Order_Product] ([ProductID], [SupplierOrderID], [SOPQuantity]) VALUES (1, 2, 50)
GO
INSERT [dbo].[Supplier_Order_Product] ([ProductID], [SupplierOrderID], [SOPQuantity]) VALUES (2, 1, 100)
GO
INSERT [dbo].[Supplier_Order_Product] ([ProductID], [SupplierOrderID], [SOPQuantity]) VALUES (3, 3, 90)
GO
SET IDENTITY_INSERT [dbo].[Supplier_Order_Status] ON 
GO
INSERT [dbo].[Supplier_Order_Status] ([SupplierOrderStatusID], [SOSDescription]) VALUES (1, N'Placed')
GO
INSERT [dbo].[Supplier_Order_Status] ([SupplierOrderStatusID], [SOSDescription]) VALUES (2, N'Cancelled')
GO
INSERT [dbo].[Supplier_Order_Status] ([SupplierOrderStatusID], [SOSDescription]) VALUES (3, N'Delivered')
GO
SET IDENTITY_INSERT [dbo].[Supplier_Order_Status] OFF
GO
SET IDENTITY_INSERT [dbo].[User] ON 
GO
INSERT [dbo].[User] ([UserID], [UserTypeID], [UserPassword], [UserName], [UserSurname], [UserCell], [UserEmail]) VALUES (1, 1, N'Password!01', N'James', N'Smith', N'081234987', N'Jamessmith@gmail.com')
GO
INSERT [dbo].[User] ([UserID], [UserTypeID], [UserPassword], [UserName], [UserSurname], [UserCell], [UserEmail]) VALUES (2, 1, N'WillBrwn90', N'Willow', N'Brown', N'0717309827', N'willowbrown@yahoo.com')
GO
INSERT [dbo].[User] ([UserID], [UserTypeID], [UserPassword], [UserName], [UserSurname], [UserCell], [UserEmail]) VALUES (3, 2, N'CartPat33', N'Patrick', N'Carter', N'0629016806', N'patrickcarter@gmail.com')
GO
SET IDENTITY_INSERT [dbo].[User] OFF
GO
INSERT [dbo].[User_Shift] ([ShiftID], [UserID]) VALUES (1, 3)
GO
INSERT [dbo].[User_Shift] ([ShiftID], [UserID]) VALUES (2, 1)
GO
INSERT [dbo].[User_Shift] ([ShiftID], [UserID]) VALUES (3, 2)
GO
SET IDENTITY_INSERT [dbo].[User_Type] ON 
GO
INSERT [dbo].[User_Type] ([UserTypeID], [UTypeDescription]) VALUES (1, N'Manager')
GO
INSERT [dbo].[User_Type] ([UserTypeID], [UTypeDescription]) VALUES (2, N'Cashier')
GO
SET IDENTITY_INSERT [dbo].[User_Type] OFF
GO
SET IDENTITY_INSERT [dbo].[VAT] ON 
GO
INSERT [dbo].[VAT] ([VATID], [VATPerc], [VATDate]) VALUES (1, 15, CAST(N'2018-04-01' AS Date))
GO
SET IDENTITY_INSERT [dbo].[VAT] OFF
GO
ALTER TABLE [dbo].[AppUserClaim]  WITH CHECK ADD  CONSTRAINT [FK_dbo.AppUserClaim_dbo.AppUser_UserId] FOREIGN KEY([UserId])
REFERENCES [dbo].[AppUser] ([Id])
ON DELETE CASCADE
GO
ALTER TABLE [dbo].[AppUserClaim] CHECK CONSTRAINT [FK_dbo.AppUserClaim_dbo.AppUser_UserId]
GO
ALTER TABLE [dbo].[AppUserLogin]  WITH CHECK ADD  CONSTRAINT [FK_dbo.AppUserLogin_dbo.AppUser_UserId] FOREIGN KEY([UserId])
REFERENCES [dbo].[AppUser] ([Id])
ON DELETE CASCADE
GO
ALTER TABLE [dbo].[AppUserLogin] CHECK CONSTRAINT [FK_dbo.AppUserLogin_dbo.AppUser_UserId]
GO
ALTER TABLE [dbo].[AppUserRole]  WITH CHECK ADD  CONSTRAINT [FK_dbo.AppUserRole_dbo.AppRole_RoleId] FOREIGN KEY([RoleId])
REFERENCES [dbo].[AppRole] ([Id])
ON DELETE CASCADE
GO
ALTER TABLE [dbo].[AppUserRole] CHECK CONSTRAINT [FK_dbo.AppUserRole_dbo.AppRole_RoleId]
GO
ALTER TABLE [dbo].[AppUserRole]  WITH CHECK ADD  CONSTRAINT [FK_dbo.AppUserRole_dbo.AppUser_UserId] FOREIGN KEY([UserId])
REFERENCES [dbo].[AppUser] ([Id])
ON DELETE CASCADE
GO
ALTER TABLE [dbo].[AppUserRole] CHECK CONSTRAINT [FK_dbo.AppUserRole_dbo.AppUser_UserId]
GO
ALTER TABLE [dbo].[Area]  WITH CHECK ADD  CONSTRAINT [FK_AAreaStatus] FOREIGN KEY([AreaStatusID])
REFERENCES [dbo].[Area_Status] ([AreaStatusID])
GO
ALTER TABLE [dbo].[Area] CHECK CONSTRAINT [FK_AAreaStatus]
GO
ALTER TABLE [dbo].[Area]  WITH CHECK ADD  CONSTRAINT [FK_AProvince] FOREIGN KEY([ProvinceID])
REFERENCES [dbo].[Province] ([ProvinceID])
GO
ALTER TABLE [dbo].[Area] CHECK CONSTRAINT [FK_AProvince]
GO
ALTER TABLE [dbo].[Container_Product]  WITH CHECK ADD  CONSTRAINT [FK_CPContainer] FOREIGN KEY([ContainerID])
REFERENCES [dbo].[Container] ([ContainerID])
GO
ALTER TABLE [dbo].[Container_Product] CHECK CONSTRAINT [FK_CPContainer]
GO
ALTER TABLE [dbo].[Container_Product]  WITH CHECK ADD  CONSTRAINT [FK_CPProduct] FOREIGN KEY([ProductID])
REFERENCES [dbo].[Product] ([ProductID])
GO
ALTER TABLE [dbo].[Container_Product] CHECK CONSTRAINT [FK_CPProduct]
GO
ALTER TABLE [dbo].[Creditor]  WITH CHECK ADD  CONSTRAINT [FK_CredSupplier] FOREIGN KEY([SupplierID])
REFERENCES [dbo].[Supplier] ([SupplierID])
GO
ALTER TABLE [dbo].[Creditor] CHECK CONSTRAINT [FK_CredSupplier]
GO
ALTER TABLE [dbo].[Creditor_Payment]  WITH CHECK ADD  CONSTRAINT [FK_CredPayment] FOREIGN KEY([CreditorID])
REFERENCES [dbo].[Creditor] ([CreditorID])
GO
ALTER TABLE [dbo].[Creditor_Payment] CHECK CONSTRAINT [FK_CredPayment]
GO
ALTER TABLE [dbo].[Customer_Order]  WITH CHECK ADD  CONSTRAINT [FK_COCustomer] FOREIGN KEY([CustomerID])
REFERENCES [dbo].[Customer] ([CustomerID])
GO
ALTER TABLE [dbo].[Customer_Order] CHECK CONSTRAINT [FK_COCustomer]
GO
ALTER TABLE [dbo].[Customer_Order]  WITH CHECK ADD  CONSTRAINT [FK_COStatus] FOREIGN KEY([CustomerOrderStatusID])
REFERENCES [dbo].[Customer_Order_Status] ([CustomerOrderStatusID])
GO
ALTER TABLE [dbo].[Customer_Order] CHECK CONSTRAINT [FK_COStatus]
GO
ALTER TABLE [dbo].[Customer_Order]  WITH CHECK ADD  CONSTRAINT [FK_COUser] FOREIGN KEY([UserID])
REFERENCES [dbo].[User] ([UserID])
GO
ALTER TABLE [dbo].[Customer_Order] CHECK CONSTRAINT [FK_COUser]
GO
ALTER TABLE [dbo].[Donated_Product]  WITH CHECK ADD  CONSTRAINT [FK_DPDonation] FOREIGN KEY([DonationID])
REFERENCES [dbo].[Donation] ([DonationID])
GO
ALTER TABLE [dbo].[Donated_Product] CHECK CONSTRAINT [FK_DPDonation]
GO
ALTER TABLE [dbo].[Donated_Product]  WITH CHECK ADD  CONSTRAINT [FK_DPProduct] FOREIGN KEY([ProductID])
REFERENCES [dbo].[Product] ([ProductID])
GO
ALTER TABLE [dbo].[Donated_Product] CHECK CONSTRAINT [FK_DPProduct]
GO
ALTER TABLE [dbo].[Donation]  WITH CHECK ADD  CONSTRAINT [FK_DonRecipient] FOREIGN KEY([RecipientID])
REFERENCES [dbo].[Donation_Recipient] ([RecipientID])
GO
ALTER TABLE [dbo].[Donation] CHECK CONSTRAINT [FK_DonRecipient]
GO
ALTER TABLE [dbo].[Donation]  WITH CHECK ADD  CONSTRAINT [FK_DonStatus] FOREIGN KEY([DonationStatusID])
REFERENCES [dbo].[Donation_Status] ([DonationStatusID])
GO
ALTER TABLE [dbo].[Donation] CHECK CONSTRAINT [FK_DonStatus]
GO
ALTER TABLE [dbo].[Employee]  WITH CHECK ADD  CONSTRAINT [FK_EmployeeUser] FOREIGN KEY([UserID])
REFERENCES [dbo].[User] ([UserID])
GO
ALTER TABLE [dbo].[Employee] CHECK CONSTRAINT [FK_EmployeeUser]
GO
ALTER TABLE [dbo].[Location]  WITH CHECK ADD  CONSTRAINT [FK_LArea] FOREIGN KEY([AreaID])
REFERENCES [dbo].[Area] ([AreaID])
GO
ALTER TABLE [dbo].[Location] CHECK CONSTRAINT [FK_LArea]
GO
ALTER TABLE [dbo].[Location]  WITH CHECK ADD  CONSTRAINT [FK_LContainer] FOREIGN KEY([ContainerID])
REFERENCES [dbo].[Container] ([ContainerID])
GO
ALTER TABLE [dbo].[Location] CHECK CONSTRAINT [FK_LContainer]
GO
ALTER TABLE [dbo].[Location]  WITH CHECK ADD  CONSTRAINT [FK_LLocationStatus] FOREIGN KEY([LocationStatusID])
REFERENCES [dbo].[Location_Status] ([LocationStatusID])
GO
ALTER TABLE [dbo].[Location] CHECK CONSTRAINT [FK_LLocationStatus]
GO
ALTER TABLE [dbo].[Login]  WITH CHECK ADD  CONSTRAINT [FK_LoginUser] FOREIGN KEY([UserID])
REFERENCES [dbo].[User] ([UserID])
GO
ALTER TABLE [dbo].[Login] CHECK CONSTRAINT [FK_LoginUser]
GO
ALTER TABLE [dbo].[Logout]  WITH CHECK ADD  CONSTRAINT [FK_LogoutUser] FOREIGN KEY([UserID])
REFERENCES [dbo].[User] ([UserID])
GO
ALTER TABLE [dbo].[Logout] CHECK CONSTRAINT [FK_LogoutUser]
GO
ALTER TABLE [dbo].[Manager]  WITH CHECK ADD  CONSTRAINT [FK_ManagerUser] FOREIGN KEY([UserID])
REFERENCES [dbo].[User] ([UserID])
GO
ALTER TABLE [dbo].[Manager] CHECK CONSTRAINT [FK_ManagerUser]
GO
ALTER TABLE [dbo].[Manager_Container]  WITH CHECK ADD  CONSTRAINT [FK_MCContainer] FOREIGN KEY([ContainerID])
REFERENCES [dbo].[Container] ([ContainerID])
GO
ALTER TABLE [dbo].[Manager_Container] CHECK CONSTRAINT [FK_MCContainer]
GO
ALTER TABLE [dbo].[Manager_Container]  WITH CHECK ADD  CONSTRAINT [FK_MCManager] FOREIGN KEY([ManagerID])
REFERENCES [dbo].[Manager] ([ManagerID])
GO
ALTER TABLE [dbo].[Manager_Container] CHECK CONSTRAINT [FK_MCManager]
GO
ALTER TABLE [dbo].[Marked_Off]  WITH CHECK ADD  CONSTRAINT [FK_MOProduct] FOREIGN KEY([ProductID])
REFERENCES [dbo].[Product] ([ProductID])
GO
ALTER TABLE [dbo].[Marked_Off] CHECK CONSTRAINT [FK_MOProduct]
GO
ALTER TABLE [dbo].[Marked_Off]  WITH CHECK ADD  CONSTRAINT [FK_MOReason] FOREIGN KEY([ReasonID])
REFERENCES [dbo].[Marked_Off_Reason] ([ReasonID])
GO
ALTER TABLE [dbo].[Marked_Off] CHECK CONSTRAINT [FK_MOReason]
GO
ALTER TABLE [dbo].[Payment]  WITH CHECK ADD  CONSTRAINT [FK_PaymentType] FOREIGN KEY([PaymentTypeID])
REFERENCES [dbo].[Payment_Type] ([PaymentTypeID])
GO
ALTER TABLE [dbo].[Payment] CHECK CONSTRAINT [FK_PaymentType]
GO
ALTER TABLE [dbo].[Payment]  WITH CHECK ADD  CONSTRAINT [FK_PCusOrder] FOREIGN KEY([CustomerOrderID])
REFERENCES [dbo].[Customer_Order] ([CustomerOrderID])
GO
ALTER TABLE [dbo].[Payment] CHECK CONSTRAINT [FK_PCusOrder]
GO
ALTER TABLE [dbo].[Payment]  WITH CHECK ADD  CONSTRAINT [FK_SalePayment] FOREIGN KEY([SaleID])
REFERENCES [dbo].[Sale] ([SaleID])
GO
ALTER TABLE [dbo].[Payment] CHECK CONSTRAINT [FK_SalePayment]
GO
ALTER TABLE [dbo].[Price]  WITH CHECK ADD  CONSTRAINT [FK_ProductPrice] FOREIGN KEY([ProductID])
REFERENCES [dbo].[Product] ([ProductID])
GO
ALTER TABLE [dbo].[Price] CHECK CONSTRAINT [FK_ProductPrice]
GO
ALTER TABLE [dbo].[Product]  WITH CHECK ADD  CONSTRAINT [FK_ProdPCat] FOREIGN KEY([ProductCategoryID])
REFERENCES [dbo].[Product_Category] ([ProductCategoryID])
GO
ALTER TABLE [dbo].[Product] CHECK CONSTRAINT [FK_ProdPCat]
GO
ALTER TABLE [dbo].[Product_Backlog]  WITH CHECK ADD  CONSTRAINT [FK_PBLogCustomerOrder] FOREIGN KEY([CustomerOrderID])
REFERENCES [dbo].[Customer_Order] ([CustomerOrderID])
GO
ALTER TABLE [dbo].[Product_Backlog] CHECK CONSTRAINT [FK_PBLogCustomerOrder]
GO
ALTER TABLE [dbo].[Product_Backlog]  WITH CHECK ADD  CONSTRAINT [FK_PBLogProduct] FOREIGN KEY([ProductID])
REFERENCES [dbo].[Product] ([ProductID])
GO
ALTER TABLE [dbo].[Product_Backlog] CHECK CONSTRAINT [FK_PBLogProduct]
GO
ALTER TABLE [dbo].[Product_Order_Line]  WITH CHECK ADD  CONSTRAINT [FK_POLCustomerOrder] FOREIGN KEY([CustomerOrderID])
REFERENCES [dbo].[Customer_Order] ([CustomerOrderID])
GO
ALTER TABLE [dbo].[Product_Order_Line] CHECK CONSTRAINT [FK_POLCustomerOrder]
GO
ALTER TABLE [dbo].[Product_Order_Line]  WITH CHECK ADD  CONSTRAINT [FK_POLProduct] FOREIGN KEY([ProductID])
REFERENCES [dbo].[Product] ([ProductID])
GO
ALTER TABLE [dbo].[Product_Order_Line] CHECK CONSTRAINT [FK_POLProduct]
GO
ALTER TABLE [dbo].[Product_Sale]  WITH CHECK ADD  CONSTRAINT [FK_ProdSProduct] FOREIGN KEY([ProductID])
REFERENCES [dbo].[Product] ([ProductID])
GO
ALTER TABLE [dbo].[Product_Sale] CHECK CONSTRAINT [FK_ProdSProduct]
GO
ALTER TABLE [dbo].[Product_Sale]  WITH CHECK ADD  CONSTRAINT [FK_PSSale] FOREIGN KEY([SaleID])
REFERENCES [dbo].[Sale] ([SaleID])
GO
ALTER TABLE [dbo].[Product_Sale] CHECK CONSTRAINT [FK_PSSale]
GO
ALTER TABLE [dbo].[Product_Supplier]  WITH CHECK ADD  CONSTRAINT [FK_PSProduct] FOREIGN KEY([ProductID])
REFERENCES [dbo].[Product] ([ProductID])
GO
ALTER TABLE [dbo].[Product_Supplier] CHECK CONSTRAINT [FK_PSProduct]
GO
ALTER TABLE [dbo].[Product_Supplier]  WITH CHECK ADD  CONSTRAINT [FK_PSSupplier] FOREIGN KEY([SupplierID])
REFERENCES [dbo].[Supplier] ([SupplierID])
GO
ALTER TABLE [dbo].[Product_Supplier] CHECK CONSTRAINT [FK_PSSupplier]
GO
ALTER TABLE [dbo].[Return_Product]  WITH CHECK ADD  CONSTRAINT [FK_RetProdProduct] FOREIGN KEY([ProductID])
REFERENCES [dbo].[Product] ([ProductID])
GO
ALTER TABLE [dbo].[Return_Product] CHECK CONSTRAINT [FK_RetProdProduct]
GO
ALTER TABLE [dbo].[Return_Product]  WITH CHECK ADD  CONSTRAINT [FK_RPContainer] FOREIGN KEY([ContainerID])
REFERENCES [dbo].[Container] ([ContainerID])
GO
ALTER TABLE [dbo].[Return_Product] CHECK CONSTRAINT [FK_RPContainer]
GO
ALTER TABLE [dbo].[Sale]  WITH CHECK ADD  CONSTRAINT [FK_SaleUser] FOREIGN KEY([UserID])
REFERENCES [dbo].[User] ([UserID])
GO
ALTER TABLE [dbo].[Sale] CHECK CONSTRAINT [FK_SaleUser]
GO
ALTER TABLE [dbo].[Stock_Take]  WITH CHECK ADD  CONSTRAINT [FK_STakeEmployee] FOREIGN KEY([EmployeeID])
REFERENCES [dbo].[Employee] ([EmployeeID])
GO
ALTER TABLE [dbo].[Stock_Take] CHECK CONSTRAINT [FK_STakeEmployee]
GO
ALTER TABLE [dbo].[Supplier_Order]  WITH CHECK ADD  CONSTRAINT [FK_SOStatus] FOREIGN KEY([SupplierOrderStatusID])
REFERENCES [dbo].[Supplier_Order_Status] ([SupplierOrderStatusID])
GO
ALTER TABLE [dbo].[Supplier_Order] CHECK CONSTRAINT [FK_SOStatus]
GO
ALTER TABLE [dbo].[Supplier_Order]  WITH CHECK ADD  CONSTRAINT [FK_SOSupplier] FOREIGN KEY([SupplierID])
REFERENCES [dbo].[Supplier] ([SupplierID])
GO
ALTER TABLE [dbo].[Supplier_Order] CHECK CONSTRAINT [FK_SOSupplier]
GO
ALTER TABLE [dbo].[Supplier_Order_Product]  WITH CHECK ADD  CONSTRAINT [FK_SOPProduct] FOREIGN KEY([ProductID])
REFERENCES [dbo].[Product] ([ProductID])
GO
ALTER TABLE [dbo].[Supplier_Order_Product] CHECK CONSTRAINT [FK_SOPProduct]
GO
ALTER TABLE [dbo].[Supplier_Order_Product]  WITH CHECK ADD  CONSTRAINT [FK_SOPSupplierOrder] FOREIGN KEY([SupplierOrderID])
REFERENCES [dbo].[Supplier_Order] ([SupplierOrderID])
GO
ALTER TABLE [dbo].[Supplier_Order_Product] CHECK CONSTRAINT [FK_SOPSupplierOrder]
GO
ALTER TABLE [dbo].[User]  WITH CHECK ADD  CONSTRAINT [FK_UserType] FOREIGN KEY([UserTypeID])
REFERENCES [dbo].[User_Type] ([UserTypeID])
GO
ALTER TABLE [dbo].[User] CHECK CONSTRAINT [FK_UserType]
GO
ALTER TABLE [dbo].[User_Shift]  WITH CHECK ADD  CONSTRAINT [FK_USShift] FOREIGN KEY([ShiftID])
REFERENCES [dbo].[Shift] ([ShiftID])
GO
ALTER TABLE [dbo].[User_Shift] CHECK CONSTRAINT [FK_USShift]
GO
ALTER TABLE [dbo].[User_Shift]  WITH CHECK ADD  CONSTRAINT [FK_USUser] FOREIGN KEY([UserID])
REFERENCES [dbo].[User] ([UserID])
GO
ALTER TABLE [dbo].[User_Shift] CHECK CONSTRAINT [FK_USUser]
GO
USE [master]
GO
ALTER DATABASE [OrdraDB] SET  READ_WRITE 
GO
